{"companyName":"LeonardoMolar","productName":"L03_Prepare","version":"0.1","unityVersion":"2019.2.21f1","sdkVersion":4,"webglSettings":{"memorySize":"16","exceptionSupport":"ExplicitlyThrownExceptionsOnly","dataCaching":"True","emscriptenArgs":"","modulesDirectory":"","template":"PROJECT:lol-template","analyzeBuildSize":"False","useEmbeddedResources":"False","threadsSupport":"False","linkerTarget":"Wasm","compressionFormat":"Gzip","nameFilesAsHashes":"False","debugSymbols":"False","wasmStreaming":"False"},"dir":["Assets\\Editor","Assets\\L03BB_Leo_FoodPrep","Assets\\L03BB_Leo_FoodPrep\\Audio","Assets\\L03BB_Leo_FoodPrep\\DELETE ME","Assets\\L03BB_Leo_FoodPrep\\DELETE ME\\Editor","Assets\\L03BB_Leo_FoodPrep\\DELETE ME\\Editor\\BackgroundScriptBuilder","Assets\\L03BB_Leo_FoodPrep\\FS3 Art","Assets\\L03BB_Leo_FoodPrep\\FS3 Art\\allergy","Assets\\L03BB_Leo_FoodPrep\\FS3 Art\\allergy\\People","Assets\\L03BB_Leo_FoodPrep\\FS3 Art\\Effects","Assets\\L03BB_Leo_FoodPrep\\FS3 Art\\Fonts","Assets\\L03BB_Leo_FoodPrep\\FS3 Art\\Fonts\\Gotham","Assets\\L03BB_Leo_FoodPrep\\FS3 Art\\Food","Assets\\L03BB_Leo_FoodPrep\\FS3 Art\\food icons","Assets\\L03BB_Leo_FoodPrep\\FS3 Art\\foodprep","Assets\\L03BB_Leo_FoodPrep\\FS3 Art\\foodprep\\icons","Assets\\L03BB_Leo_FoodPrep\\FS3 Art\\foodprep\\list","Assets\\L03BB_Leo_FoodPrep\\FS3 Art\\lessons","Assets\\L03BB_Leo_FoodPrep\\FS3 Art\\Materials","Assets\\L03BB_Leo_FoodPrep\\FS3 Art\\Materials\\Shaders","Assets\\L03BB_Leo_FoodPrep\\FS3 Art\\People","Assets\\L03BB_Leo_FoodPrep\\FS3 Art\\People\\HeadChef","Assets\\L03BB_Leo_FoodPrep\\FS3 Art\\Store","Assets\\L03BB_Leo_FoodPrep\\FS3 Art\\Temperature","Assets\\L03BB_Leo_FoodPrep\\FS3 Art\\Temperature\\calibration","Assets\\L03BB_Leo_FoodPrep\\FS3 Art\\temps","Assets\\L03BB_Leo_FoodPrep\\FS3 Art\\temps\\thaw","Assets\\L03BB_Leo_FoodPrep\\FS3 Art\\UI","Assets\\L03BB_Leo_FoodPrep\\FS3 Art\\UI\\Card","Assets\\L03BB_Leo_FoodPrep\\FS3 Prefabs","Assets\\L03BB_Leo_FoodPrep\\Plugins","Assets\\L03BB_Leo_FoodPrep\\Plugins\\2DxFX","Assets\\L03BB_Leo_FoodPrep\\Plugins\\2DxFX\\Editor","Assets\\L03BB_Leo_FoodPrep\\Plugins\\2DxFX\\Editor\\Resources","Assets\\L03BB_Leo_FoodPrep\\Plugins\\CharTween","Assets\\L03BB_Leo_FoodPrep\\Plugins\\CharTween\\Scripts","Assets\\L03BB_Leo_FoodPrep\\Plugins\\Demigiant","Assets\\L03BB_Leo_FoodPrep\\Plugins\\Demigiant\\DemiLib","Assets\\L03BB_Leo_FoodPrep\\Plugins\\Demigiant\\DemiLib\\Core","Assets\\L03BB_Leo_FoodPrep\\Plugins\\Demigiant\\DemiLib\\Core\\Editor","Assets\\L03BB_Leo_FoodPrep\\Plugins\\Demigiant\\DemiLib\\Core\\Editor\\Imgs","Assets\\L03BB_Leo_FoodPrep\\Plugins\\Demigiant\\DemiLib\\Core\\Editor\\Imgs\\project","Assets\\L03BB_Leo_FoodPrep\\Plugins\\Demigiant\\DOTween","Assets\\L03BB_Leo_FoodPrep\\Plugins\\Demigiant\\DOTween\\Editor","Assets\\L03BB_Leo_FoodPrep\\Plugins\\Demigiant\\DOTween\\Editor\\Imgs","Assets\\L03BB_Leo_FoodPrep\\Plugins\\Demigiant\\DOTween\\Modules","Assets\\L03BB_Leo_FoodPrep\\Plugins\\Demigiant\\DOTweenPro","Assets\\L03BB_Leo_FoodPrep\\Plugins\\Demigiant\\DOTweenPro\\Editor","Assets\\L03BB_Leo_FoodPrep\\Plugins\\EasyTouchBundle","Assets\\L03BB_Leo_FoodPrep\\Plugins\\EasyTouchBundle\\EasyTouch","Assets\\L03BB_Leo_FoodPrep\\Plugins\\EasyTouchBundle\\EasyTouch\\Plugins","Assets\\L03BB_Leo_FoodPrep\\Plugins\\EasyTouchBundle\\EasyTouch\\Plugins\\Components","Assets\\L03BB_Leo_FoodPrep\\Plugins\\EasyTouchBundle\\EasyTouch\\Plugins\\Editor","Assets\\L03BB_Leo_FoodPrep\\Plugins\\EasyTouchBundle\\EasyTouch\\Plugins\\Editor\\Resources","Assets\\L03BB_Leo_FoodPrep\\Plugins\\EasyTouchBundle\\EasyTouch\\Plugins\\Engine","Assets\\L03BB_Leo_FoodPrep\\Plugins\\EasyTouchBundle\\EasyTouch\\Plugins\\Gizmos","Assets\\L03BB_Leo_FoodPrep\\Plugins\\EasyTouchBundle\\EasyTouch\\Plugins\\Resources","Assets\\L03BB_Leo_FoodPrep\\Plugins\\LOL","Assets\\L03BB_Leo_FoodPrep\\Plugins\\RelationsInspector","Assets\\L03BB_Leo_FoodPrep\\Plugins\\Sirenix","Assets\\L03BB_Leo_FoodPrep\\Plugins\\Sirenix\\Assemblies","Assets\\L03BB_Leo_FoodPrep\\Plugins\\Sirenix\\Assemblies\\NoEditor","Assets\\L03BB_Leo_FoodPrep\\Plugins\\Sirenix\\Assemblies\\NoEmitAndNoEditor","Assets\\L03BB_Leo_FoodPrep\\Plugins\\Sirenix\\Odin Inspector","Assets\\L03BB_Leo_FoodPrep\\Plugins\\Sirenix\\Odin Inspector\\Assets","Assets\\L03BB_Leo_FoodPrep\\Plugins\\Sirenix\\Odin Inspector\\Assets\\Editor","Assets\\L03BB_Leo_FoodPrep\\Plugins\\Sirenix\\Odin Inspector\\Config","Assets\\L03BB_Leo_FoodPrep\\Plugins\\Sirenix\\Odin Inspector\\Config\\Editor","Assets\\L03BB_Leo_FoodPrep\\Plugins\\Sirenix\\Odin Inspector\\Config\\Resources","Assets\\L03BB_Leo_FoodPrep\\Plugins\\Sirenix\\Odin Inspector\\Config\\Resources\\Sirenix","Assets\\L03BB_Leo_FoodPrep\\Plugins\\Sirenix\\Odin Inspector\\Scripts","Assets\\L03BB_Leo_FoodPrep\\Plugins\\Sirenix\\Odin Inspector\\Scripts\\Editor","Assets\\L03BB_Leo_FoodPrep\\Plugins\\TextMesh Pro","Assets\\L03BB_Leo_FoodPrep\\Plugins\\TextMesh Pro\\Documentation","Assets\\L03BB_Leo_FoodPrep\\Plugins\\TextMesh Pro\\Fonts","Assets\\L03BB_Leo_FoodPrep\\Plugins\\TextMesh Pro\\Resources","Assets\\L03BB_Leo_FoodPrep\\Plugins\\TextMesh Pro\\Resources\\Fonts & Materials","Assets\\L03BB_Leo_FoodPrep\\Plugins\\TextMesh Pro\\Resources\\Shaders","Assets\\L03BB_Leo_FoodPrep\\Plugins\\TextMesh Pro\\Resources\\Sprite Assets","Assets\\L03BB_Leo_FoodPrep\\Plugins\\TextMesh Pro\\Resources\\Style Sheets","Assets\\L03BB_Leo_FoodPrep\\Plugins\\TextMesh Pro\\Sprites","Assets\\L03BB_Leo_FoodPrep\\Prefabs","Assets\\L03BB_Leo_FoodPrep\\Prefabs\\Checking Food","Assets\\L03BB_Leo_FoodPrep\\Prefabs\\Receiving","Assets\\L03BB_Leo_FoodPrep\\Prefabs\\Store","Assets\\L03BB_Leo_FoodPrep\\Prefabs\\Store\\Characters","Assets\\L03BB_Leo_FoodPrep\\Resources","Assets\\L03BB_Leo_FoodPrep\\Scenes","Assets\\L03BB_Leo_FoodPrep\\Scripts","Assets\\L03BB_Leo_FoodPrep\\Scripts\\FS3","Assets\\L03BB_Leo_FoodPrep\\Scripts\\FS3\\Allergy","Assets\\L03BB_Leo_FoodPrep\\Scripts\\FS3\\Common","Assets\\L03BB_Leo_FoodPrep\\Scripts\\FS3\\Intro","Assets\\L03BB_Leo_FoodPrep\\Scripts\\FS3\\Kitchen","Assets\\L03BB_Leo_FoodPrep\\Scripts\\FS3\\Leo","Assets\\L03BB_Leo_FoodPrep\\Scripts\\FS3\\LOL","Assets\\L03BB_Leo_FoodPrep\\Scripts\\FS3\\Temps","Assets\\L03BB_Leo_FoodPrep\\Scripts\\Modules","Assets\\Resources","Assets\\Scripts","Assets\\Scripts\\Data","Assets\\Scripts\\Editor","Assets\\Scripts\\Generated","Assets\\Scripts\\Helper","Assets\\StreamingAssets","Assets\\StreamingAssets\\L03BB_Leo_Foodprep","Assets\\Third Party","Assets\\Third Party\\LoLSimpleJSON","Assets\\Third Party\\LoLSimpleJSON\\Plugins","Assets\\WebGLTemplates","Assets\\WebGLTemplates\\lol-template","Library\\PackageCache\\com.unity.collab-proxy@1.2.16","Library\\PackageCache\\com.unity.ext.nunit@1.0.0","Library\\PackageCache\\com.unity.ide.rider@1.1.0","Library\\PackageCache\\com.unity.ide.vscode@1.1.3","Library\\PackageCache\\com.unity.postprocessing@2.1.7","Library\\PackageCache\\com.unity.test-framework@1.0.13","Library\\PackageCache\\com.unity.textmeshpro@2.0.1"]}