{"companyName":"LegendsOfLearning","productName":"NextGen","version":"1","unityVersion":"2019.4.8f1","sdkVersion":4,"webglSettings":{"memorySize":"16","exceptionSupport":"ExplicitlyThrownExceptionsOnly","dataCaching":"True","emscriptenArgs":"","modulesDirectory":"","template":"PROJECT:lol-template","analyzeBuildSize":"False","useEmbeddedResources":"False","threadsSupport":"False","linkerTarget":"Wasm","compressionFormat":"Gzip","nameFilesAsHashes":"False","debugSymbols":"False","wasmStreaming":"False"},"dir":["Assets\\Animations","Assets\\Animations\\Animations","Assets\\Audio","Assets\\Demigiant","Assets\\Demigiant\\DemiLib","Assets\\Demigiant\\DemiLib\\Core","Assets\\Demigiant\\DemiLib\\Core\\Editor","Assets\\Demigiant\\DemiLib\\Core\\Editor\\Imgs","Assets\\Demigiant\\DemiLib\\Core\\Editor\\Imgs\\project","Assets\\Demigiant\\DOTween","Assets\\Demigiant\\DOTween\\Editor","Assets\\Demigiant\\DOTween\\Editor\\Imgs","Assets\\Demigiant\\DOTween\\Modules","Assets\\Demigiant\\DOTweenPro","Assets\\Demigiant\\DOTweenPro\\Editor","Assets\\Demigiant\\DOTweenPro Examples","Assets\\Demigiant\\DOTweenPro Examples\\Examples Assets","Assets\\Gizmos","Assets\\Gizmos\\ProCamera2D","Assets\\Ludiq.Generated","Assets\\Ludiq.Generated\\Persistent","Assets\\Ludiq.Generated\\Persistent\\ProjectSettings","Assets\\Plugins","Assets\\Plugins\\Code Builder","Assets\\Plugins\\Code Builder\\Editor","Assets\\Plugins\\Demigiant","Assets\\Plugins\\JMO Assets","Assets\\Plugins\\JMO Assets\\Cartoon FX","Assets\\Plugins\\JMO Assets\\Cartoon FX\\CFX2 Prefabs","Assets\\Plugins\\JMO Assets\\Cartoon FX\\CFX2 Prefabs\\Blood","Assets\\Plugins\\JMO Assets\\Cartoon FX\\CFX2 Prefabs\\Blood\\Variants","Assets\\Plugins\\JMO Assets\\Cartoon FX\\CFX2 Prefabs\\Blood\\Variants\\Cyan","Assets\\Plugins\\JMO Assets\\Cartoon FX\\CFX2 Prefabs\\Blood\\Variants\\Green","Assets\\Plugins\\JMO Assets\\Cartoon FX\\CFX2 Prefabs\\Debris Hits","Assets\\Plugins\\JMO Assets\\Cartoon FX\\CFX2 Prefabs\\Debris Hits\\Variants","Assets\\Plugins\\JMO Assets\\Cartoon FX\\CFX2 Prefabs\\Electric","Assets\\Plugins\\JMO Assets\\Cartoon FX\\CFX2 Prefabs\\Electric\\Variants","Assets\\Plugins\\JMO Assets\\Cartoon FX\\CFX2 Prefabs\\Explosions","Assets\\Plugins\\JMO Assets\\Cartoon FX\\CFX2 Prefabs\\Explosions\\Variants","Assets\\Plugins\\JMO Assets\\Cartoon FX\\CFX2 Prefabs\\Expressions","Assets\\Plugins\\JMO Assets\\Cartoon FX\\CFX2 Prefabs\\Fire","Assets\\Plugins\\JMO Assets\\Cartoon FX\\CFX2 Prefabs\\Fire\\Color Variants","Assets\\Plugins\\JMO Assets\\Cartoon FX\\CFX2 Prefabs\\Misc","Assets\\Plugins\\JMO Assets\\Cartoon FX\\CFX2 Prefabs\\Misc\\Variants","Assets\\Plugins\\JMO Assets\\Cartoon FX\\CFX2 Prefabs\\Pickup Items","Assets\\Plugins\\JMO Assets\\Cartoon FX\\CFX2 Prefabs\\Rain","Assets\\Plugins\\JMO Assets\\Cartoon FX\\CFX2 Prefabs\\Skull & Ghosts Effects","Assets\\Plugins\\JMO Assets\\Cartoon FX\\CFX2 Prefabs\\Skull & Ghosts Effects\\Color Variants","Assets\\Plugins\\JMO Assets\\Cartoon FX\\CFX2 Prefabs\\Water","Assets\\Plugins\\JMO Assets\\Cartoon FX\\CFX2 Prefabs (Mobile)","Assets\\Plugins\\JMO Assets\\Cartoon FX\\CFX2 Prefabs (Mobile)\\Blood","Assets\\Plugins\\JMO Assets\\Cartoon FX\\CFX2 Prefabs (Mobile)\\Blood\\Variants","Assets\\Plugins\\JMO Assets\\Cartoon FX\\CFX2 Prefabs (Mobile)\\Blood\\Variants\\Cyan","Assets\\Plugins\\JMO Assets\\Cartoon FX\\CFX2 Prefabs (Mobile)\\Blood\\Variants\\Green","Assets\\Plugins\\JMO Assets\\Cartoon FX\\CFX2 Prefabs (Mobile)\\Debris Hits","Assets\\Plugins\\JMO Assets\\Cartoon FX\\CFX2 Prefabs (Mobile)\\Debris Hits\\Variants","Assets\\Plugins\\JMO Assets\\Cartoon FX\\CFX2 Prefabs (Mobile)\\Electric","Assets\\Plugins\\JMO Assets\\Cartoon FX\\CFX2 Prefabs (Mobile)\\Electric\\Variants","Assets\\Plugins\\JMO Assets\\Cartoon FX\\CFX2 Prefabs (Mobile)\\Explosions","Assets\\Plugins\\JMO Assets\\Cartoon FX\\CFX2 Prefabs (Mobile)\\Explosions\\Variants","Assets\\Plugins\\JMO Assets\\Cartoon FX\\CFX2 Prefabs (Mobile)\\Expressions","Assets\\Plugins\\JMO Assets\\Cartoon FX\\CFX2 Prefabs (Mobile)\\Fire","Assets\\Plugins\\JMO Assets\\Cartoon FX\\CFX2 Prefabs (Mobile)\\Fire\\Color Variants","Assets\\Plugins\\JMO Assets\\Cartoon FX\\CFX2 Prefabs (Mobile)\\Misc","Assets\\Plugins\\JMO Assets\\Cartoon FX\\CFX2 Prefabs (Mobile)\\Misc\\Variants","Assets\\Plugins\\JMO Assets\\Cartoon FX\\CFX2 Prefabs (Mobile)\\Pickup Items","Assets\\Plugins\\JMO Assets\\Cartoon FX\\CFX2 Prefabs (Mobile)\\Rain","Assets\\Plugins\\JMO Assets\\Cartoon FX\\CFX2 Prefabs (Mobile)\\Skull & Ghosts Effects","Assets\\Plugins\\JMO Assets\\Cartoon FX\\CFX2 Prefabs (Mobile)\\Skull & Ghosts Effects\\Color Variants","Assets\\Plugins\\JMO Assets\\Cartoon FX\\CFX2 Prefabs (Mobile)\\Water","Assets\\Plugins\\JMO Assets\\Cartoon FX\\CFX3 Prefabs","Assets\\Plugins\\JMO Assets\\Cartoon FX\\CFX3 Prefabs\\Electric","Assets\\Plugins\\JMO Assets\\Cartoon FX\\CFX3 Prefabs\\Electric\\Color Variants","Assets\\Plugins\\JMO Assets\\Cartoon FX\\CFX3 Prefabs\\Environment","Assets\\Plugins\\JMO Assets\\Cartoon FX\\CFX3 Prefabs\\Environment\\Variants","Assets\\Plugins\\JMO Assets\\Cartoon FX\\CFX3 Prefabs\\Fire","Assets\\Plugins\\JMO Assets\\Cartoon FX\\CFX3 Prefabs\\Fire\\Color Variants","Assets\\Plugins\\JMO Assets\\Cartoon FX\\CFX3 Prefabs\\Ice","Assets\\Plugins\\JMO Assets\\Cartoon FX\\CFX3 Prefabs\\Ice\\Color Variants","Assets\\Plugins\\JMO Assets\\Cartoon FX\\CFX3 Prefabs\\Light","Assets\\Plugins\\JMO Assets\\Cartoon FX\\CFX3 Prefabs\\Light\\Color Variants","Assets\\Plugins\\JMO Assets\\Cartoon FX\\CFX3 Prefabs\\Light\\Variants","Assets\\Plugins\\JMO Assets\\Cartoon FX\\CFX3 Prefabs\\Magic Dark","Assets\\Plugins\\JMO Assets\\Cartoon FX\\CFX3 Prefabs\\Magic Dark\\Color Variants","Assets\\Plugins\\JMO Assets\\Cartoon FX\\CFX3 Prefabs\\Magic Misc","Assets\\Plugins\\JMO Assets\\Cartoon FX\\CFX3 Prefabs\\Magic Misc\\Color Variants","Assets\\Plugins\\JMO Assets\\Cartoon FX\\CFX3 Prefabs\\Misc","Assets\\Plugins\\JMO Assets\\Cartoon FX\\CFX3 Prefabs\\Misc\\Color Variants","Assets\\Plugins\\JMO Assets\\Cartoon FX\\CFX3 Prefabs\\Nature","Assets\\Plugins\\JMO Assets\\Cartoon FX\\CFX3 Prefabs\\Nature\\Color Variants","Assets\\Plugins\\JMO Assets\\Cartoon FX\\CFX3 Prefabs (Mobile)","Assets\\Plugins\\JMO Assets\\Cartoon FX\\CFX3 Prefabs (Mobile)\\Electric","Assets\\Plugins\\JMO Assets\\Cartoon FX\\CFX3 Prefabs (Mobile)\\Electric\\Color Variants","Assets\\Plugins\\JMO Assets\\Cartoon FX\\CFX3 Prefabs (Mobile)\\Environment","Assets\\Plugins\\JMO Assets\\Cartoon FX\\CFX3 Prefabs (Mobile)\\Environment\\Variants","Assets\\Plugins\\JMO Assets\\Cartoon FX\\CFX3 Prefabs (Mobile)\\Fire","Assets\\Plugins\\JMO Assets\\Cartoon FX\\CFX3 Prefabs (Mobile)\\Fire\\Color Variants","Assets\\Plugins\\JMO Assets\\Cartoon FX\\CFX3 Prefabs (Mobile)\\Ice","Assets\\Plugins\\JMO Assets\\Cartoon FX\\CFX3 Prefabs (Mobile)\\Ice\\Color Variants","Assets\\Plugins\\JMO Assets\\Cartoon FX\\CFX3 Prefabs (Mobile)\\Light","Assets\\Plugins\\JMO Assets\\Cartoon FX\\CFX3 Prefabs (Mobile)\\Light\\Color Variants","Assets\\Plugins\\JMO Assets\\Cartoon FX\\CFX3 Prefabs (Mobile)\\Light\\Variants","Assets\\Plugins\\JMO Assets\\Cartoon FX\\CFX3 Prefabs (Mobile)\\Magic Dark","Assets\\Plugins\\JMO Assets\\Cartoon FX\\CFX3 Prefabs (Mobile)\\Magic Dark\\Color Variants","Assets\\Plugins\\JMO Assets\\Cartoon FX\\CFX3 Prefabs (Mobile)\\Magic Misc","Assets\\Plugins\\JMO Assets\\Cartoon FX\\CFX3 Prefabs (Mobile)\\Magic Misc\\Color Variants","Assets\\Plugins\\JMO Assets\\Cartoon FX\\CFX3 Prefabs (Mobile)\\Misc","Assets\\Plugins\\JMO Assets\\Cartoon FX\\CFX3 Prefabs (Mobile)\\Misc\\Color Variants","Assets\\Plugins\\JMO Assets\\Cartoon FX\\CFX3 Prefabs (Mobile)\\Nature","Assets\\Plugins\\JMO Assets\\Cartoon FX\\CFX3 Prefabs (Mobile)\\Nature\\Color Variants","Assets\\Plugins\\JMO Assets\\Cartoon FX\\Materials","Assets\\Plugins\\JMO Assets\\Cartoon FX\\Materials\\Animated","Assets\\Plugins\\JMO Assets\\Cartoon FX\\Materials\\Blood","Assets\\Plugins\\JMO Assets\\Cartoon FX\\Materials\\Decals","Assets\\Plugins\\JMO Assets\\Cartoon FX\\Materials\\Electric","Assets\\Plugins\\JMO Assets\\Cartoon FX\\Materials\\Misc","Assets\\Plugins\\JMO Assets\\Cartoon FX\\Materials\\Stretched","Assets\\Plugins\\JMO Assets\\Cartoon FX\\Materials\\Symbols","Assets\\Plugins\\JMO Assets\\Cartoon FX\\Materials (Mobile)","Assets\\Plugins\\JMO Assets\\Cartoon FX\\Materials (Mobile)\\Animated","Assets\\Plugins\\JMO Assets\\Cartoon FX\\Materials (Mobile)\\Blood","Assets\\Plugins\\JMO Assets\\Cartoon FX\\Materials (Mobile)\\Decals","Assets\\Plugins\\JMO Assets\\Cartoon FX\\Materials (Mobile)\\Electric","Assets\\Plugins\\JMO Assets\\Cartoon FX\\Materials (Mobile)\\Misc","Assets\\Plugins\\JMO Assets\\Cartoon FX\\Materials (Mobile)\\Stretched","Assets\\Plugins\\JMO Assets\\Cartoon FX\\Materials (Mobile)\\Symbols","Assets\\Plugins\\JMO Assets\\Cartoon FX\\Materials (Mobile)\\Water","Assets\\Plugins\\JMO Assets\\Cartoon FX\\Textures","Assets\\Plugins\\JMO Assets\\Cartoon FX\\Textures (Mobile)","Assets\\Plugins\\JMO Assets\\Cartoon FX (legacy)","Assets\\Plugins\\JMO Assets\\Cartoon FX (legacy)\\CFX Prefabs","Assets\\Plugins\\JMO Assets\\Cartoon FX (legacy)\\CFX Prefabs\\Electric","Assets\\Plugins\\JMO Assets\\Cartoon FX (legacy)\\CFX Prefabs\\Explosions","Assets\\Plugins\\JMO Assets\\Cartoon FX (legacy)\\CFX Prefabs\\Explosions\\Firework Variants","Assets\\Plugins\\JMO Assets\\Cartoon FX (legacy)\\CFX Prefabs\\Fire","Assets\\Plugins\\JMO Assets\\Cartoon FX (legacy)\\CFX Prefabs\\Fire\\Color Variants","Assets\\Plugins\\JMO Assets\\Cartoon FX (legacy)\\CFX Prefabs\\Fire\\Flames Looped","Assets\\Plugins\\JMO Assets\\Cartoon FX (legacy)\\CFX Prefabs\\Fire\\Flames Looped\\Color Variants","Assets\\Plugins\\JMO Assets\\Cartoon FX (legacy)\\CFX Prefabs\\Hits","Assets\\Plugins\\JMO Assets\\Cartoon FX (legacy)\\CFX Prefabs\\Hits\\Color Variants","Assets\\Plugins\\JMO Assets\\Cartoon FX (legacy)\\CFX Prefabs\\Misc","Assets\\Plugins\\JMO Assets\\Cartoon FX (legacy)\\CFX Prefabs\\Misc\\Tornado Variants","Assets\\Plugins\\JMO Assets\\Cartoon FX (legacy)\\CFX Prefabs\\Smoke","Assets\\Plugins\\JMO Assets\\Cartoon FX (legacy)\\CFX Prefabs\\Smoke\\Color Variants","Assets\\Plugins\\JMO Assets\\Cartoon FX (legacy)\\CFX Prefabs\\Texts (drag-drop to prefabs)","Assets\\Plugins\\JMO Assets\\Cartoon FX (legacy)\\CFX Prefabs\\Water","Assets\\Plugins\\JMO Assets\\Cartoon FX (legacy)\\CFX Prefabs (Mobile)","Assets\\Plugins\\JMO Assets\\Cartoon FX (legacy)\\CFX Prefabs (Mobile)\\Electric","Assets\\Plugins\\JMO Assets\\Cartoon FX (legacy)\\CFX Prefabs (Mobile)\\Explosions","Assets\\Plugins\\JMO Assets\\Cartoon FX (legacy)\\CFX Prefabs (Mobile)\\Explosions\\Firework Variants","Assets\\Plugins\\JMO Assets\\Cartoon FX (legacy)\\CFX Prefabs (Mobile)\\Fire","Assets\\Plugins\\JMO Assets\\Cartoon FX (legacy)\\CFX Prefabs (Mobile)\\Fire\\Color Variants","Assets\\Plugins\\JMO Assets\\Cartoon FX (legacy)\\CFX Prefabs (Mobile)\\Fire\\Flames Looped","Assets\\Plugins\\JMO Assets\\Cartoon FX (legacy)\\CFX Prefabs (Mobile)\\Fire\\Flames Looped\\Color Variants","Assets\\Plugins\\JMO Assets\\Cartoon FX (legacy)\\CFX Prefabs (Mobile)\\Hits","Assets\\Plugins\\JMO Assets\\Cartoon FX (legacy)\\CFX Prefabs (Mobile)\\Hits\\Color Variants","Assets\\Plugins\\JMO Assets\\Cartoon FX (legacy)\\CFX Prefabs (Mobile)\\Misc","Assets\\Plugins\\JMO Assets\\Cartoon FX (legacy)\\CFX Prefabs (Mobile)\\Misc\\Tornado Variants","Assets\\Plugins\\JMO Assets\\Cartoon FX (legacy)\\CFX Prefabs (Mobile)\\Smoke","Assets\\Plugins\\JMO Assets\\Cartoon FX (legacy)\\CFX Prefabs (Mobile)\\Smoke\\Color Variants","Assets\\Plugins\\JMO Assets\\Cartoon FX (legacy)\\CFX Prefabs (Mobile)\\Texts (drag-drop to prefabs)","Assets\\Plugins\\JMO Assets\\Cartoon FX (legacy)\\CFX Prefabs (Mobile)\\Water","Assets\\Plugins\\JMO Assets\\Cartoon FX (legacy)\\Demo","Assets\\Plugins\\JMO Assets\\Cartoon FX (legacy)\\Demo\\Assets","Assets\\Plugins\\JMO Assets\\Cartoon FX (legacy)\\Demo\\UI Canvas","Assets\\Plugins\\JMO Assets\\Cartoon FX (legacy)\\Editor","Assets\\Plugins\\JMO Assets\\Cartoon FX (legacy)\\Materials","Assets\\Plugins\\JMO Assets\\Cartoon FX (legacy)\\Materials\\Animated","Assets\\Plugins\\JMO Assets\\Cartoon FX (legacy)\\Materials\\Decals","Assets\\Plugins\\JMO Assets\\Cartoon FX (legacy)\\Materials\\Electric","Assets\\Plugins\\JMO Assets\\Cartoon FX (legacy)\\Materials\\Fire","Assets\\Plugins\\JMO Assets\\Cartoon FX (legacy)\\Materials\\Light","Assets\\Plugins\\JMO Assets\\Cartoon FX (legacy)\\Materials\\Misc","Assets\\Plugins\\JMO Assets\\Cartoon FX (legacy)\\Materials\\Stretched","Assets\\Plugins\\JMO Assets\\Cartoon FX (legacy)\\Materials\\Texts","Assets\\Plugins\\JMO Assets\\Cartoon FX (legacy)\\Materials\\Water","Assets\\Plugins\\JMO Assets\\Cartoon FX (legacy)\\Materials (Mobile)","Assets\\Plugins\\JMO Assets\\Cartoon FX (legacy)\\Materials (Mobile)\\Animated","Assets\\Plugins\\JMO Assets\\Cartoon FX (legacy)\\Materials (Mobile)\\Decals","Assets\\Plugins\\JMO Assets\\Cartoon FX (legacy)\\Materials (Mobile)\\Electric","Assets\\Plugins\\JMO Assets\\Cartoon FX (legacy)\\Materials (Mobile)\\Fire","Assets\\Plugins\\JMO Assets\\Cartoon FX (legacy)\\Materials (Mobile)\\Light","Assets\\Plugins\\JMO Assets\\Cartoon FX (legacy)\\Materials (Mobile)\\Misc","Assets\\Plugins\\JMO Assets\\Cartoon FX (legacy)\\Materials (Mobile)\\Stretched","Assets\\Plugins\\JMO Assets\\Cartoon FX (legacy)\\Materials (Mobile)\\Texts","Assets\\Plugins\\JMO Assets\\Cartoon FX (legacy)\\Materials (Mobile)\\Water","Assets\\Plugins\\JMO Assets\\Cartoon FX (legacy)\\Mesh","Assets\\Plugins\\JMO Assets\\Cartoon FX (legacy)\\Scripts","Assets\\Plugins\\JMO Assets\\Cartoon FX (legacy)\\Shaders","Assets\\Plugins\\JMO Assets\\Cartoon FX (legacy)\\Spawn System","Assets\\Plugins\\JMO Assets\\Cartoon FX (legacy)\\Textures","Assets\\Plugins\\JMO Assets\\Cartoon FX (legacy)\\Textures (Mobile)","Assets\\Plugins\\JMO Assets\\Cartoon FX Easy Editor","Assets\\Plugins\\JMO Assets\\Cartoon FX Easy Editor\\Editor","Assets\\Plugins\\JMO Assets\\Cartoon FX Remaster","Assets\\Plugins\\JMO Assets\\Cartoon FX Remaster\\CFXR Assets","Assets\\Plugins\\JMO Assets\\Cartoon FX Remaster\\CFXR Assets\\Editor","Assets\\Plugins\\JMO Assets\\Cartoon FX Remaster\\CFXR Assets\\Graphics","Assets\\Plugins\\JMO Assets\\Cartoon FX Remaster\\CFXR Assets\\Meshes","Assets\\Plugins\\JMO Assets\\Cartoon FX Remaster\\CFXR Assets\\Misc","Assets\\Plugins\\JMO Assets\\Cartoon FX Remaster\\CFXR Assets\\Scripts","Assets\\Plugins\\JMO Assets\\Cartoon FX Remaster\\CFXR Assets\\Shaders","Assets\\Plugins\\JMO Assets\\Cartoon FX Remaster\\CFXR Prefabs","Assets\\Plugins\\JMO Assets\\Cartoon FX Remaster\\CFXR Prefabs\\Electric","Assets\\Plugins\\JMO Assets\\Cartoon FX Remaster\\CFXR Prefabs\\Electric\\Variants","Assets\\Plugins\\JMO Assets\\Cartoon FX Remaster\\CFXR Prefabs\\Explosions","Assets\\Plugins\\JMO Assets\\Cartoon FX Remaster\\CFXR Prefabs\\Explosions\\Variants","Assets\\Plugins\\JMO Assets\\Cartoon FX Remaster\\CFXR Prefabs\\Fire","Assets\\Plugins\\JMO Assets\\Cartoon FX Remaster\\CFXR Prefabs\\Fire\\Variants","Assets\\Plugins\\JMO Assets\\Cartoon FX Remaster\\CFXR Prefabs\\Impacts","Assets\\Plugins\\JMO Assets\\Cartoon FX Remaster\\CFXR Prefabs\\Impacts\\Variants","Assets\\Plugins\\JMO Assets\\Cartoon FX Remaster\\CFXR Prefabs\\Liquids","Assets\\Plugins\\JMO Assets\\Cartoon FX Remaster\\CFXR Prefabs\\Liquids\\Variants","Assets\\Plugins\\JMO Assets\\Cartoon FX Remaster\\CFXR Prefabs\\Misc","Assets\\Plugins\\JMO Assets\\Cartoon FX Remaster\\CFXR Prefabs\\Misc\\Variants","Assets\\Plugins\\JMO Assets\\Cartoon FX Remaster\\CFXR Prefabs\\Texts","Assets\\Plugins\\JMO Assets\\Cartoon FX Remaster\\Demo Assets","Assets\\Plugins\\JMO Assets\\Cartoon FX Remaster\\Demo Assets\\Kino Bloom","Assets\\Plugins\\JMO Assets\\Cartoon FX Remaster\\Demo Assets\\Kino Bloom\\Editor","Assets\\Plugins\\JMO Assets\\Cartoon FX Remaster\\Demo Assets\\Kino Bloom\\Shader","Assets\\Plugins\\JMO Assets\\Cartoon FX Remaster\\Demo Assets\\UI","Assets\\Plugins\\Lean","Assets\\Plugins\\Lean\\Common","Assets\\Plugins\\Lean\\Common\\Documentation","Assets\\Plugins\\Lean\\Common\\Examples","Assets\\Plugins\\Lean\\Common\\Examples\\Fonts","Assets\\Plugins\\Lean\\Common\\Examples\\Materials","Assets\\Plugins\\Lean\\Common\\Examples\\Meshes","Assets\\Plugins\\Lean\\Common\\Examples\\Prefabs","Assets\\Plugins\\Lean\\Common\\Examples\\Scripts","Assets\\Plugins\\Lean\\Common\\Examples\\Shaders","Assets\\Plugins\\Lean\\Common\\Examples\\Textures","Assets\\Plugins\\Lean\\Common\\Scripts","Assets\\Plugins\\Lean\\Touch","Assets\\Plugins\\Lean\\Touch\\Documentation","Assets\\Plugins\\Lean\\Touch\\Examples","Assets\\Plugins\\Lean\\Touch\\Examples\\Media","Assets\\Plugins\\Lean\\Touch\\Examples\\Scripts","Assets\\Plugins\\Lean\\Touch\\Extras","Assets\\Plugins\\Lean\\Touch\\Scripts","Assets\\Plugins\\Ludiq","Assets\\Plugins\\Ludiq\\Ludiq.Peek","Assets\\Plugins\\Ludiq\\Ludiq.Peek\\Editor","Assets\\Plugins\\Ludiq\\Ludiq.Peek\\Editor\\Context","Assets\\Plugins\\Ludiq\\Ludiq.Peek\\Editor\\Creator","Assets\\Plugins\\Ludiq\\Ludiq.Peek\\Editor\\Creator\\Fuzzy","Assets\\Plugins\\Ludiq\\Ludiq.Peek\\Editor\\Groups","Assets\\Plugins\\Ludiq\\Ludiq.Peek\\Editor\\Hierarchies","Assets\\Plugins\\Ludiq\\Ludiq.Peek\\Editor\\Integration","Assets\\Plugins\\Ludiq\\Ludiq.Peek\\Editor\\Integrations","Assets\\Plugins\\Ludiq\\Ludiq.Peek\\Editor\\Integrations\\ProBuilder","Assets\\Plugins\\Ludiq\\Ludiq.Peek\\Editor\\Plugin","Assets\\Plugins\\Ludiq\\Ludiq.Peek\\Editor\\Plugin\\Changelogs","Assets\\Plugins\\Ludiq\\Ludiq.Peek\\Editor\\Plugin\\Configuration","Assets\\Plugins\\Ludiq\\Ludiq.Peek\\Editor\\Probe","Assets\\Plugins\\Ludiq\\Ludiq.Peek\\Editor\\References","Assets\\Plugins\\Ludiq\\Ludiq.Peek\\Editor\\Resources","Assets\\Plugins\\Ludiq\\Ludiq.Peek\\Editor\\Resources\\Icons","Assets\\Plugins\\Ludiq\\Ludiq.Peek\\Editor\\Resources\\Logos","Assets\\Plugins\\Ludiq\\Ludiq.Peek\\Editor\\Shortcuts","Assets\\Plugins\\Ludiq\\Ludiq.Peek\\Editor\\Tabs","Assets\\Plugins\\Ludiq\\Ludiq.Peek\\Editor\\Toolbars","Assets\\Plugins\\Ludiq\\Ludiq.Peek\\Editor\\Toolbars\\Integrations","Assets\\Plugins\\Ludiq\\Ludiq.Peek\\Editor\\Toolbars\\Objects","Assets\\Plugins\\Ludiq\\Ludiq.Peek\\Editor\\Toolbars\\Objects\\Builtin","Assets\\Plugins\\Ludiq\\Ludiq.Peek\\Editor\\Tools","Assets\\Plugins\\Ludiq\\Ludiq.Peek\\Editor\\Tools\\Editor","Assets\\Plugins\\Ludiq\\Ludiq.Peek\\Editor\\Tools\\Editor\\Implementation","Assets\\Plugins\\Ludiq\\Ludiq.Peek\\Editor\\Tools\\Utility","Assets\\Plugins\\Ludiq\\Ludiq.Peek\\Editor\\Transforms","Assets\\Plugins\\Ludiq\\Ludiq.Peek\\Editor\\Utility","Assets\\Plugins\\Ludiq\\Ludiq.Peek\\Manual","Assets\\Plugins\\Ludiq\\Ludiq.PeekCore","Assets\\Plugins\\Ludiq\\Ludiq.PeekCore\\DotNetDocumentation","Assets\\Plugins\\Ludiq\\Ludiq.PeekCore\\Editor","Assets\\Plugins\\Ludiq\\Ludiq.PeekCore\\Editor\\Assignment","Assets\\Plugins\\Ludiq\\Ludiq.PeekCore\\Editor\\CodeDom","Assets\\Plugins\\Ludiq\\Ludiq.PeekCore\\Editor\\CodeDom\\Nodes","Assets\\Plugins\\Ludiq\\Ludiq.PeekCore\\Editor\\CodeDom\\Nodes\\Directives","Assets\\Plugins\\Ludiq\\Ludiq.PeekCore\\Editor\\CodeDom\\Nodes\\Expressions","Assets\\Plugins\\Ludiq\\Ludiq.PeekCore\\Editor\\CodeDom\\Nodes\\Members","Assets\\Plugins\\Ludiq\\Ludiq.PeekCore\\Editor\\CodeDom\\Nodes\\Members\\CompositeTypeMembers","Assets\\Plugins\\Ludiq\\Ludiq.PeekCore\\Editor\\CodeDom\\Nodes\\Members\\CompositeTypeMembers\\TypeDeclarations","Assets\\Plugins\\Ludiq\\Ludiq.PeekCore\\Editor\\CodeDom\\Nodes\\Members\\PropertyAccessors","Assets\\Plugins\\Ludiq\\Ludiq.PeekCore\\Editor\\CodeDom\\Nodes\\Statements","Assets\\Plugins\\Ludiq\\Ludiq.PeekCore\\Editor\\Decorators","Assets\\Plugins\\Ludiq\\Ludiq.PeekCore\\Editor\\Dependencies","Assets\\Plugins\\Ludiq\\Ludiq.PeekCore\\Editor\\Dependencies\\ReflectionMagic","Assets\\Plugins\\Ludiq\\Ludiq.PeekCore\\Editor\\Dependencies\\ReorderableList","Assets\\Plugins\\Ludiq\\Ludiq.PeekCore\\Editor\\Dependencies\\ReorderableList\\Element Adder Menu","Assets\\Plugins\\Ludiq\\Ludiq.PeekCore\\Editor\\Dependencies\\ReorderableList\\Internal","Assets\\Plugins\\Ludiq\\Ludiq.PeekCore\\Editor\\Dependencies\\TinyJson","Assets\\Plugins\\Ludiq\\Ludiq.PeekCore\\Editor\\Descriptors","Assets\\Plugins\\Ludiq\\Ludiq.PeekCore\\Editor\\Documentation","Assets\\Plugins\\Ludiq\\Ludiq.PeekCore\\Editor\\Exceptions","Assets\\Plugins\\Ludiq\\Ludiq.PeekCore\\Editor\\Factories","Assets\\Plugins\\Ludiq\\Ludiq.PeekCore\\Editor\\Inspection","Assets\\Plugins\\Ludiq\\Ludiq.PeekCore\\Editor\\Inspection\\Other","Assets\\Plugins\\Ludiq\\Ludiq.PeekCore\\Editor\\Inspection\\Primitives","Assets\\Plugins\\Ludiq\\Ludiq.PeekCore\\Editor\\Inspection\\Reflection","Assets\\Plugins\\Ludiq\\Ludiq.PeekCore\\Editor\\Inspection\\Root","Assets\\Plugins\\Ludiq\\Ludiq.PeekCore\\Editor\\Inspection\\Special","Assets\\Plugins\\Ludiq\\Ludiq.PeekCore\\Editor\\Inspection\\Unity","Assets\\Plugins\\Ludiq\\Ludiq.PeekCore\\Editor\\Interface","Assets\\Plugins\\Ludiq\\Ludiq.PeekCore\\Editor\\Interface\\Annotations","Assets\\Plugins\\Ludiq\\Ludiq.PeekCore\\Editor\\Interface\\Colors","Assets\\Plugins\\Ludiq\\Ludiq.PeekCore\\Editor\\Interface\\DragAndDrop","Assets\\Plugins\\Ludiq\\Ludiq.PeekCore\\Editor\\Interface\\Dropdowns","Assets\\Plugins\\Ludiq\\Ludiq.PeekCore\\Editor\\Interface\\Fonts","Assets\\Plugins\\Ludiq\\Ludiq.PeekCore\\Editor\\Interface\\Fuzzy","Assets\\Plugins\\Ludiq\\Ludiq.PeekCore\\Editor\\Interface\\Icons","Assets\\Plugins\\Ludiq\\Ludiq.PeekCore\\Editor\\Interface\\Textures","Assets\\Plugins\\Ludiq\\Ludiq.PeekCore\\Editor\\Meta","Assets\\Plugins\\Ludiq\\Ludiq.PeekCore\\Editor\\Platforms","Assets\\Plugins\\Ludiq\\Ludiq.PeekCore\\Editor\\Plugin","Assets\\Plugins\\Ludiq\\Ludiq.PeekCore\\Editor\\Plugin\\Acknowledgements","Assets\\Plugins\\Ludiq\\Ludiq.PeekCore\\Editor\\Plugin\\Changelogs","Assets\\Plugins\\Ludiq\\Ludiq.PeekCore\\Editor\\Plugin\\Licenses","Assets\\Plugins\\Ludiq\\Ludiq.PeekCore\\Editor\\Plugin\\Migrations","Assets\\Plugins\\Ludiq\\Ludiq.PeekCore\\Editor\\Plugins","Assets\\Plugins\\Ludiq\\Ludiq.PeekCore\\Editor\\Product","Assets\\Plugins\\Ludiq\\Ludiq.PeekCore\\Editor\\Products","Assets\\Plugins\\Ludiq\\Ludiq.PeekCore\\Editor\\Reflection","Assets\\Plugins\\Ludiq\\Ludiq.PeekCore\\Editor\\ResourceProviders","Assets\\Plugins\\Ludiq\\Ludiq.PeekCore\\Editor\\Resources","Assets\\Plugins\\Ludiq\\Ludiq.PeekCore\\Editor\\Resources\\Fonts","Assets\\Plugins\\Ludiq\\Ludiq.PeekCore\\Editor\\Resources\\Fuzzy","Assets\\Plugins\\Ludiq\\Ludiq.PeekCore\\Editor\\Resources\\Icons","Assets\\Plugins\\Ludiq\\Ludiq.PeekCore\\Editor\\Resources\\Icons\\Configuration","Assets\\Plugins\\Ludiq\\Ludiq.PeekCore\\Editor\\Resources\\Icons\\Enums","Assets\\Plugins\\Ludiq\\Ludiq.PeekCore\\Editor\\Resources\\Icons\\Enums\\Ludiq.ConfigurationPanelTab","Assets\\Plugins\\Ludiq\\Ludiq.PeekCore\\Editor\\Resources\\Icons\\Language","Assets\\Plugins\\Ludiq\\Ludiq.PeekCore\\Editor\\Resources\\Icons\\Language\\VisualStudioColor","Assets\\Plugins\\Ludiq\\Ludiq.PeekCore\\Editor\\Resources\\Icons\\Language\\VisualStudioMonochrome","Assets\\Plugins\\Ludiq\\Ludiq.PeekCore\\Editor\\Resources\\Icons\\Messages","Assets\\Plugins\\Ludiq\\Ludiq.PeekCore\\Editor\\Resources\\Icons\\Namespaces","Assets\\Plugins\\Ludiq\\Ludiq.PeekCore\\Editor\\Resources\\Icons\\State","Assets\\Plugins\\Ludiq\\Ludiq.PeekCore\\Editor\\Resources\\Icons\\Types","Assets\\Plugins\\Ludiq\\Ludiq.PeekCore\\Editor\\Resources\\Icons\\Versioning","Assets\\Plugins\\Ludiq\\Ludiq.PeekCore\\Editor\\Resources\\Icons\\Windows","Assets\\Plugins\\Ludiq\\Ludiq.PeekCore\\Editor\\Resources\\Icons\\Windows\\AboutWindow","Assets\\Plugins\\Ludiq\\Ludiq.PeekCore\\Editor\\Resources\\Icons\\Windows\\GenerateDocumentationWindow","Assets\\Plugins\\Ludiq\\Ludiq.PeekCore\\Editor\\Resources\\Icons\\Windows\\GeneratePropertyProvidersWindow","Assets\\Plugins\\Ludiq\\Ludiq.PeekCore\\Editor\\Resources\\Icons\\Windows\\SetupWizard","Assets\\Plugins\\Ludiq\\Ludiq.PeekCore\\Editor\\Resources\\Icons\\Windows\\UpdateWizard","Assets\\Plugins\\Ludiq\\Ludiq.PeekCore\\Editor\\Resources\\Loader","Assets\\Plugins\\Ludiq\\Ludiq.PeekCore\\Editor\\Resources\\Logos","Assets\\Plugins\\Ludiq\\Ludiq.PeekCore\\Editor\\Resources\\TypeSelector","Assets\\Plugins\\Ludiq\\Ludiq.PeekCore\\Editor\\SerializedProperties","Assets\\Plugins\\Ludiq\\Ludiq.PeekCore\\Editor\\Tasks","Assets\\Plugins\\Ludiq\\Ludiq.PeekCore\\Editor\\Tasks\\Runners","Assets\\Plugins\\Ludiq\\Ludiq.PeekCore\\Editor\\Threading","Assets\\Plugins\\Ludiq\\Ludiq.PeekCore\\Editor\\Utilities","Assets\\Plugins\\Ludiq\\Ludiq.PeekCore\\Editor\\Windows","Assets\\Plugins\\Ludiq\\Ludiq.PeekCore\\Editor\\Windows\\AboutWindow","Assets\\Plugins\\Ludiq\\Ludiq.PeekCore\\Editor\\Windows\\ConfigurationPanel","Assets\\Plugins\\Ludiq\\Ludiq.PeekCore\\Editor\\Windows\\EditorStylesBrowser","Assets\\Plugins\\Ludiq\\Ludiq.PeekCore\\Editor\\Windows\\GeneratePropertyProvidersWindow","Assets\\Plugins\\Ludiq\\Ludiq.PeekCore\\Editor\\Windows\\SetupWizard","Assets\\Plugins\\Ludiq\\Ludiq.PeekCore\\Editor\\Windows\\UpdateWizard","Assets\\Plugins\\Ludiq\\Ludiq.PeekCore\\Runtime","Assets\\Plugins\\Ludiq\\Ludiq.PeekCore\\Runtime\\Cloning","Assets\\Plugins\\Ludiq\\Ludiq.PeekCore\\Runtime\\Cloning\\Cloners","Assets\\Plugins\\Ludiq\\Ludiq.PeekCore\\Runtime\\Collections","Assets\\Plugins\\Ludiq\\Ludiq.PeekCore\\Runtime\\Collections\\Obsolete","Assets\\Plugins\\Ludiq\\Ludiq.PeekCore\\Runtime\\Decorators","Assets\\Plugins\\Ludiq\\Ludiq.PeekCore\\Runtime\\Dependencies","Assets\\Plugins\\Ludiq\\Ludiq.PeekCore\\Runtime\\Dependencies\\AssemblyQualifiedNameParser","Assets\\Plugins\\Ludiq\\Ludiq.PeekCore\\Runtime\\Dependencies\\FullSerializer","Assets\\Plugins\\Ludiq\\Ludiq.PeekCore\\Runtime\\Dependencies\\FullSerializer\\Converters","Assets\\Plugins\\Ludiq\\Ludiq.PeekCore\\Runtime\\Dependencies\\FullSerializer\\Converters\\Unity","Assets\\Plugins\\Ludiq\\Ludiq.PeekCore\\Runtime\\Dependencies\\FullSerializer\\Internal","Assets\\Plugins\\Ludiq\\Ludiq.PeekCore\\Runtime\\Dependencies\\FullSerializer\\Reflection","Assets\\Plugins\\Ludiq\\Ludiq.PeekCore\\Runtime\\Dependencies\\OdinSerializer","Assets\\Plugins\\Ludiq\\Ludiq.PeekCore\\Runtime\\Dependencies\\OdinSerializer\\AOT","Assets\\Plugins\\Ludiq\\Ludiq.PeekCore\\Runtime\\Dependencies\\OdinSerializer\\EditorOnly","Assets\\Plugins\\Ludiq\\Ludiq.PeekCore\\Runtime\\Dependencies\\OdinSerializer\\Generated","Assets\\Plugins\\Ludiq\\Ludiq.PeekCore\\Runtime\\Dependencies\\OdinSerializer\\JIT","Assets\\Plugins\\Ludiq\\Ludiq.PeekCore\\Runtime\\EditorBinding","Assets\\Plugins\\Ludiq\\Ludiq.PeekCore\\Runtime\\EditorBinding\\Inspector","Assets\\Plugins\\Ludiq\\Ludiq.PeekCore\\Runtime\\Ensure","Assets\\Plugins\\Ludiq\\Ludiq.PeekCore\\Runtime\\Ensure\\Extensions","Assets\\Plugins\\Ludiq\\Ludiq.PeekCore\\Runtime\\Exceptions","Assets\\Plugins\\Ludiq\\Ludiq.PeekCore\\Runtime\\Input","Assets\\Plugins\\Ludiq\\Ludiq.PeekCore\\Runtime\\Math","Assets\\Plugins\\Ludiq\\Ludiq.PeekCore\\Runtime\\Platforms","Assets\\Plugins\\Ludiq\\Ludiq.PeekCore\\Runtime\\Pooling","Assets\\Plugins\\Ludiq\\Ludiq.PeekCore\\Runtime\\Profiling","Assets\\Plugins\\Ludiq\\Ludiq.PeekCore\\Runtime\\Reflection","Assets\\Plugins\\Ludiq\\Ludiq.PeekCore\\Runtime\\Reflection\\Operators","Assets\\Plugins\\Ludiq\\Ludiq.PeekCore\\Runtime\\Reflection\\Optimization","Assets\\Plugins\\Ludiq\\Ludiq.PeekCore\\Runtime\\Serialization","Assets\\Plugins\\Ludiq\\Ludiq.PeekCore\\Runtime\\Serialization\\Converters","Assets\\Plugins\\Ludiq\\Ludiq.PeekCore\\Runtime\\SerializedProperties","Assets\\Plugins\\Ludiq\\Ludiq.PeekCore\\Runtime\\Unity","Assets\\Plugins\\Ludiq\\Ludiq.PeekCore\\Runtime\\Utilities","Assets\\Plugins\\PolygonConstruction","Assets\\Plugins\\PolygonConstruction\\Materials","Assets\\Plugins\\PolygonConstruction\\Materials\\Alts","Assets\\Plugins\\PolygonConstruction\\Materials\\Misc","Assets\\Plugins\\PolygonConstruction\\Models","Assets\\Plugins\\PolygonConstruction\\Models\\Collision","Assets\\Plugins\\PolygonConstruction\\Prefabs","Assets\\Plugins\\PolygonConstruction\\Prefabs\\Buildings","Assets\\Plugins\\PolygonConstruction\\Prefabs\\Characters","Assets\\Plugins\\PolygonConstruction\\Prefabs\\Characters\\Attachments","Assets\\Plugins\\PolygonConstruction\\Prefabs\\Environments","Assets\\Plugins\\PolygonConstruction\\Prefabs\\Generic","Assets\\Plugins\\PolygonConstruction\\Prefabs\\Items","Assets\\Plugins\\PolygonConstruction\\Prefabs\\Props","Assets\\Plugins\\PolygonConstruction\\Prefabs\\Tools","Assets\\Plugins\\PolygonConstruction\\Prefabs\\Vehicles","Assets\\Plugins\\PolygonConstruction\\Scenes","Assets\\Plugins\\PolygonConstruction\\Textures","Assets\\Plugins\\PolygonConstruction\\Textures\\Misc","Assets\\Plugins\\PolygonTown","Assets\\Plugins\\PolygonTown\\Materials","Assets\\Plugins\\PolygonTown\\Materials\\Alternates","Assets\\Plugins\\PolygonTown\\Materials\\Misc","Assets\\Plugins\\PolygonTown\\Models","Assets\\Plugins\\PolygonTown\\Models\\Buildings","Assets\\Plugins\\PolygonTown\\Models\\Characters","Assets\\Plugins\\PolygonTown\\Models\\Environment","Assets\\Plugins\\PolygonTown\\Models\\Environment\\SM_Env_Fence_Wood_Gate_01.fbm","Assets\\Plugins\\PolygonTown\\Models\\Generic","Assets\\Plugins\\PolygonTown\\Models\\Items","Assets\\Plugins\\PolygonTown\\Models\\Props","Assets\\Plugins\\PolygonTown\\Models\\Vehicles","Assets\\Plugins\\PolygonTown\\Prefabs","Assets\\Plugins\\PolygonTown\\Prefabs\\Buildings","Assets\\Plugins\\PolygonTown\\Prefabs\\Buildings\\Presets","Assets\\Plugins\\PolygonTown\\Prefabs\\Characters","Assets\\Plugins\\PolygonTown\\Prefabs\\Environment","Assets\\Plugins\\PolygonTown\\Prefabs\\Generic","Assets\\Plugins\\PolygonTown\\Prefabs\\Items","Assets\\Plugins\\PolygonTown\\Prefabs\\Props","Assets\\Plugins\\PolygonTown\\Prefabs\\Vehicles","Assets\\Plugins\\PolygonTown\\Scenes","Assets\\Plugins\\PolygonTown\\Textures","Assets\\Plugins\\PolygonTown\\Textures\\Alternates","Assets\\Plugins\\PolygonTown\\Textures\\Misc","Assets\\Plugins\\Sirenix","Assets\\Plugins\\Sirenix\\Assemblies","Assets\\Plugins\\Sirenix\\Assemblies\\NoEditor","Assets\\Plugins\\Sirenix\\Assemblies\\NoEmitAndNoEditor","Assets\\Plugins\\Sirenix\\Demos","Assets\\Plugins\\Sirenix\\Odin Inspector","Assets\\Plugins\\Sirenix\\Odin Inspector\\Assets","Assets\\Plugins\\Sirenix\\Odin Inspector\\Assets\\Editor","Assets\\Plugins\\Sirenix\\Odin Inspector\\Config","Assets\\Plugins\\Sirenix\\Odin Inspector\\Config\\Editor","Assets\\Plugins\\Sirenix\\Odin Inspector\\Scripts","Assets\\Plugins\\Sirenix\\Odin Inspector\\Scripts\\Editor","Assets\\Plugins\\Tayx","Assets\\Plugins\\Tayx\\Graphy - Ultimate Stats Monitor","Assets\\Plugins\\Tayx\\Graphy - Ultimate Stats Monitor\\Font","Assets\\Plugins\\Tayx\\Graphy - Ultimate Stats Monitor\\Font\\Northwest-Bold","Assets\\Plugins\\Tayx\\Graphy - Ultimate Stats Monitor\\Font\\Roboto","Assets\\Plugins\\Tayx\\Graphy - Ultimate Stats Monitor\\GUI","Assets\\Plugins\\Tayx\\Graphy - Ultimate Stats Monitor\\Materials","Assets\\Plugins\\Tayx\\Graphy - Ultimate Stats Monitor\\Prefab","Assets\\Plugins\\Tayx\\Graphy - Ultimate Stats Monitor\\Scene","Assets\\Plugins\\Tayx\\Graphy - Ultimate Stats Monitor\\Scene\\Audio","Assets\\Plugins\\Tayx\\Graphy - Ultimate Stats Monitor\\Scene\\Audio\\SFX","Assets\\Plugins\\Tayx\\Graphy - Ultimate Stats Monitor\\Scene\\Color Picker","Assets\\Plugins\\Tayx\\Graphy - Ultimate Stats Monitor\\Scene\\Customization Scripts","Assets\\Plugins\\Tayx\\Graphy - Ultimate Stats Monitor\\Scene\\Prefab","Assets\\Plugins\\Tayx\\Graphy - Ultimate Stats Monitor\\Scripts","Assets\\Plugins\\Tayx\\Graphy - Ultimate Stats Monitor\\Scripts\\Advanced","Assets\\Plugins\\Tayx\\Graphy - Ultimate Stats Monitor\\Scripts\\Audio","Assets\\Plugins\\Tayx\\Graphy - Ultimate Stats Monitor\\Scripts\\Editor","Assets\\Plugins\\Tayx\\Graphy - Ultimate Stats Monitor\\Scripts\\Fps","Assets\\Plugins\\Tayx\\Graphy - Ultimate Stats Monitor\\Scripts\\Graph","Assets\\Plugins\\Tayx\\Graphy - Ultimate Stats Monitor\\Scripts\\Ram","Assets\\Plugins\\Tayx\\Graphy - Ultimate Stats Monitor\\Scripts\\Shader","Assets\\Plugins\\Tayx\\Graphy - Ultimate Stats Monitor\\Scripts\\UI","Assets\\Plugins\\Tayx\\Graphy - Ultimate Stats Monitor\\Scripts\\Util","Assets\\Plugins\\Tayx\\Graphy - Ultimate Stats Monitor\\Shaders","Assets\\Plugins\\Tayx\\Graphy - Ultimate Stats Monitor\\Textures","Assets\\Prefabs","Assets\\Resources","Assets\\Scenes","Assets\\Scenes\\Document Scenes","Assets\\Scenes\\Document Scenes\\Materials","Assets\\Scenes\\Focus","Assets\\Scenes\\Tests","Assets\\Scripts","Assets\\Scripts\\Decisions","Assets\\Scripts\\Editor","Assets\\Scripts\\Events","Assets\\Scripts\\Generated","Assets\\Scripts\\LOL","Assets\\Scripts\\Modules","Assets\\Scripts\\Modules\\Sink","Assets\\Scripts\\Modules\\Waterproof and Clear","Assets\\Scripts\\UI","Assets\\Scripts\\Utilities","Assets\\StreamingAssets","Assets\\StreamingAssets\\Music","Assets\\TextMesh Pro","Assets\\TextMesh Pro\\Documentation","Assets\\TextMesh Pro\\Fonts","Assets\\TextMesh Pro\\Resources","Assets\\TextMesh Pro\\Resources\\Fonts & Materials","Assets\\TextMesh Pro\\Resources\\Shaders","Assets\\TextMesh Pro\\Resources\\Sprite Assets","Assets\\TextMesh Pro\\Resources\\Style Sheets","Assets\\TextMesh Pro\\Sprites","Assets\\Used","Assets\\Visuals","Assets\\Visuals\\Fonts","Assets\\Visuals\\Materials","Assets\\Visuals\\Models","Assets\\Visuals\\Textures","Assets\\Visuals\\UI","Assets\\Visuals\\UI\\Diagrams","Assets\\Visuals\\UI\\Icons","Assets\\Visuals\\UI\\Task","Assets\\WebGLTemplates","Assets\\WebGLTemplates\\lol-template","Assets\\_Dialog","Assets\\_Dialog\\Backyard","Assets\\_Dialog\\Basement","Assets\\_Dialog\\Bathroom","Assets\\_Dialog\\Frontyard","Assets\\_Dialog\\Garage","Assets\\_Dialog\\Intro","Assets\\_Dialog\\Kitchen","Assets\\_Dialog\\Map Tutorials","Library\\PackageCache\\com.unity.cinemachine@2.3.4","Library\\PackageCache\\com.unity.collab-proxy@1.2.16","Library\\PackageCache\\com.unity.ext.nunit@1.0.0","Library\\PackageCache\\com.unity.ide.rider@1.1.4","Library\\PackageCache\\com.unity.ide.vscode@1.2.1","Library\\PackageCache\\com.unity.postprocessing@2.3.0","Library\\PackageCache\\com.unity.recorder@2.2.0-preview.4","Library\\PackageCache\\com.unity.test-framework@1.1.16","Library\\PackageCache\\com.unity.textmeshpro@2.0.1","Library\\PackageCache\\com.unity.timeline@1.2.14"]}