{"companyName":"LegendsOfLearning","productName":"NextGen","version":"1","unityVersion":"2019.4.0f1","sdkVersion":4,"webglSettings":{"memorySize":"16","exceptionSupport":"ExplicitlyThrownExceptionsOnly","dataCaching":"True","emscriptenArgs":"","modulesDirectory":"","template":"PROJECT:lol-template","analyzeBuildSize":"False","useEmbeddedResources":"False","threadsSupport":"False","linkerTarget":"Wasm","compressionFormat":"Gzip","nameFilesAsHashes":"False","debugSymbols":"False","wasmStreaming":"False"},"dir":["Assets/Gizmos","Assets/Gizmos/ProCamera2D","Assets/LegendsOfLearning-Example","Assets/LegendsOfLearning-Example/Art","Assets/LegendsOfLearning-Example/Art/Textures","Assets/LegendsOfLearning-Example/Art/Textures/Examples","Assets/LegendsOfLearning-Example/Art/Textures/Examples/Buttons","Assets/LegendsOfLearning-Example/Scenes","Assets/LegendsOfLearning-Example/Scenes/Test","Assets/LegendsOfLearning-Example/Scripts","Assets/LeonardoMolar","Assets/LeonardoMolar/Animations","Assets/LeonardoMolar/Animations/Animations","Assets/LeonardoMolar/Art","Assets/LeonardoMolar/Art/Fonts","Assets/LeonardoMolar/Art/Materials","Assets/LeonardoMolar/Art/Models","Assets/LeonardoMolar/Art/Textures","Assets/LeonardoMolar/Art/UI","Assets/LeonardoMolar/Art/UI/Diagrams","Assets/LeonardoMolar/Art/UI/Icons","Assets/LeonardoMolar/Art/UI/Task","Assets/LeonardoMolar/Audio","Assets/LeonardoMolar/Plugins","Assets/LeonardoMolar/Plugins/Code Builder","Assets/LeonardoMolar/Plugins/Code Builder/Editor","Assets/LeonardoMolar/Plugins/Demigiant","Assets/LeonardoMolar/Plugins/Demigiant/DOTween","Assets/LeonardoMolar/Plugins/Demigiant/DOTween/Editor","Assets/LeonardoMolar/Plugins/Demigiant/DOTween/Editor/Imgs","Assets/LeonardoMolar/Plugins/Demigiant/DOTween/Modules","Assets/LeonardoMolar/Plugins/Demigiant/DOTweenPro","Assets/LeonardoMolar/Plugins/Demigiant/DOTweenPro/Editor","Assets/LeonardoMolar/Plugins/Demigiant/DOTweenPro Examples","Assets/LeonardoMolar/Plugins/Demigiant/DOTweenPro Examples/Examples Assets","Assets/LeonardoMolar/Plugins/Demigiant/DemiLib","Assets/LeonardoMolar/Plugins/Demigiant/DemiLib/Core","Assets/LeonardoMolar/Plugins/Demigiant/DemiLib/Core/Editor","Assets/LeonardoMolar/Plugins/Demigiant/DemiLib/Core/Editor/Imgs","Assets/LeonardoMolar/Plugins/Demigiant/DemiLib/Core/Editor/Imgs/project","Assets/LeonardoMolar/Plugins/JMO Assets","Assets/LeonardoMolar/Plugins/JMO Assets/Cartoon FX","Assets/LeonardoMolar/Plugins/JMO Assets/Cartoon FX/CFX2 Prefabs","Assets/LeonardoMolar/Plugins/JMO Assets/Cartoon FX/CFX2 Prefabs/Blood","Assets/LeonardoMolar/Plugins/JMO Assets/Cartoon FX/CFX2 Prefabs/Blood/Variants","Assets/LeonardoMolar/Plugins/JMO Assets/Cartoon FX/CFX2 Prefabs/Blood/Variants/Cyan","Assets/LeonardoMolar/Plugins/JMO Assets/Cartoon FX/CFX2 Prefabs/Blood/Variants/Green","Assets/LeonardoMolar/Plugins/JMO Assets/Cartoon FX/CFX2 Prefabs/Debris Hits","Assets/LeonardoMolar/Plugins/JMO Assets/Cartoon FX/CFX2 Prefabs/Debris Hits/Variants","Assets/LeonardoMolar/Plugins/JMO Assets/Cartoon FX/CFX2 Prefabs/Electric","Assets/LeonardoMolar/Plugins/JMO Assets/Cartoon FX/CFX2 Prefabs/Electric/Variants","Assets/LeonardoMolar/Plugins/JMO Assets/Cartoon FX/CFX2 Prefabs/Explosions","Assets/LeonardoMolar/Plugins/JMO Assets/Cartoon FX/CFX2 Prefabs/Explosions/Variants","Assets/LeonardoMolar/Plugins/JMO Assets/Cartoon FX/CFX2 Prefabs/Expressions","Assets/LeonardoMolar/Plugins/JMO Assets/Cartoon FX/CFX2 Prefabs/Fire","Assets/LeonardoMolar/Plugins/JMO Assets/Cartoon FX/CFX2 Prefabs/Fire/Color Variants","Assets/LeonardoMolar/Plugins/JMO Assets/Cartoon FX/CFX2 Prefabs/Misc","Assets/LeonardoMolar/Plugins/JMO Assets/Cartoon FX/CFX2 Prefabs/Misc/Variants","Assets/LeonardoMolar/Plugins/JMO Assets/Cartoon FX/CFX2 Prefabs/Pickup Items","Assets/LeonardoMolar/Plugins/JMO Assets/Cartoon FX/CFX2 Prefabs/Rain","Assets/LeonardoMolar/Plugins/JMO Assets/Cartoon FX/CFX2 Prefabs/Skull & Ghosts Effects","Assets/LeonardoMolar/Plugins/JMO Assets/Cartoon FX/CFX2 Prefabs/Skull & Ghosts Effects/Color Variants","Assets/LeonardoMolar/Plugins/JMO Assets/Cartoon FX/CFX2 Prefabs/Water","Assets/LeonardoMolar/Plugins/JMO Assets/Cartoon FX/CFX2 Prefabs (Mobile)","Assets/LeonardoMolar/Plugins/JMO Assets/Cartoon FX/CFX2 Prefabs (Mobile)/Blood","Assets/LeonardoMolar/Plugins/JMO Assets/Cartoon FX/CFX2 Prefabs (Mobile)/Blood/Variants","Assets/LeonardoMolar/Plugins/JMO Assets/Cartoon FX/CFX2 Prefabs (Mobile)/Blood/Variants/Cyan","Assets/LeonardoMolar/Plugins/JMO Assets/Cartoon FX/CFX2 Prefabs (Mobile)/Blood/Variants/Green","Assets/LeonardoMolar/Plugins/JMO Assets/Cartoon FX/CFX2 Prefabs (Mobile)/Debris Hits","Assets/LeonardoMolar/Plugins/JMO Assets/Cartoon FX/CFX2 Prefabs (Mobile)/Debris Hits/Variants","Assets/LeonardoMolar/Plugins/JMO Assets/Cartoon FX/CFX2 Prefabs (Mobile)/Electric","Assets/LeonardoMolar/Plugins/JMO Assets/Cartoon FX/CFX2 Prefabs (Mobile)/Electric/Variants","Assets/LeonardoMolar/Plugins/JMO Assets/Cartoon FX/CFX2 Prefabs (Mobile)/Explosions","Assets/LeonardoMolar/Plugins/JMO Assets/Cartoon FX/CFX2 Prefabs (Mobile)/Explosions/Variants","Assets/LeonardoMolar/Plugins/JMO Assets/Cartoon FX/CFX2 Prefabs (Mobile)/Expressions","Assets/LeonardoMolar/Plugins/JMO Assets/Cartoon FX/CFX2 Prefabs (Mobile)/Fire","Assets/LeonardoMolar/Plugins/JMO Assets/Cartoon FX/CFX2 Prefabs (Mobile)/Fire/Color Variants","Assets/LeonardoMolar/Plugins/JMO Assets/Cartoon FX/CFX2 Prefabs (Mobile)/Misc","Assets/LeonardoMolar/Plugins/JMO Assets/Cartoon FX/CFX2 Prefabs (Mobile)/Misc/Variants","Assets/LeonardoMolar/Plugins/JMO Assets/Cartoon FX/CFX2 Prefabs (Mobile)/Pickup Items","Assets/LeonardoMolar/Plugins/JMO Assets/Cartoon FX/CFX2 Prefabs (Mobile)/Rain","Assets/LeonardoMolar/Plugins/JMO Assets/Cartoon FX/CFX2 Prefabs (Mobile)/Skull & Ghosts Effects","Assets/LeonardoMolar/Plugins/JMO Assets/Cartoon FX/CFX2 Prefabs (Mobile)/Skull & Ghosts Effects/Color Variants","Assets/LeonardoMolar/Plugins/JMO Assets/Cartoon FX/CFX2 Prefabs (Mobile)/Water","Assets/LeonardoMolar/Plugins/JMO Assets/Cartoon FX/CFX3 Prefabs","Assets/LeonardoMolar/Plugins/JMO Assets/Cartoon FX/CFX3 Prefabs/Electric","Assets/LeonardoMolar/Plugins/JMO Assets/Cartoon FX/CFX3 Prefabs/Electric/Color Variants","Assets/LeonardoMolar/Plugins/JMO Assets/Cartoon FX/CFX3 Prefabs/Environment","Assets/LeonardoMolar/Plugins/JMO Assets/Cartoon FX/CFX3 Prefabs/Environment/Variants","Assets/LeonardoMolar/Plugins/JMO Assets/Cartoon FX/CFX3 Prefabs/Fire","Assets/LeonardoMolar/Plugins/JMO Assets/Cartoon FX/CFX3 Prefabs/Fire/Color Variants","Assets/LeonardoMolar/Plugins/JMO Assets/Cartoon FX/CFX3 Prefabs/Ice","Assets/LeonardoMolar/Plugins/JMO Assets/Cartoon FX/CFX3 Prefabs/Ice/Color Variants","Assets/LeonardoMolar/Plugins/JMO Assets/Cartoon FX/CFX3 Prefabs/Light","Assets/LeonardoMolar/Plugins/JMO Assets/Cartoon FX/CFX3 Prefabs/Light/Color Variants","Assets/LeonardoMolar/Plugins/JMO Assets/Cartoon FX/CFX3 Prefabs/Light/Variants","Assets/LeonardoMolar/Plugins/JMO Assets/Cartoon FX/CFX3 Prefabs/Magic Dark","Assets/LeonardoMolar/Plugins/JMO Assets/Cartoon FX/CFX3 Prefabs/Magic Dark/Color Variants","Assets/LeonardoMolar/Plugins/JMO Assets/Cartoon FX/CFX3 Prefabs/Magic Misc","Assets/LeonardoMolar/Plugins/JMO Assets/Cartoon FX/CFX3 Prefabs/Magic Misc/Color Variants","Assets/LeonardoMolar/Plugins/JMO Assets/Cartoon FX/CFX3 Prefabs/Misc","Assets/LeonardoMolar/Plugins/JMO Assets/Cartoon FX/CFX3 Prefabs/Misc/Color Variants","Assets/LeonardoMolar/Plugins/JMO Assets/Cartoon FX/CFX3 Prefabs/Nature","Assets/LeonardoMolar/Plugins/JMO Assets/Cartoon FX/CFX3 Prefabs/Nature/Color Variants","Assets/LeonardoMolar/Plugins/JMO Assets/Cartoon FX/CFX3 Prefabs (Mobile)","Assets/LeonardoMolar/Plugins/JMO Assets/Cartoon FX/CFX3 Prefabs (Mobile)/Electric","Assets/LeonardoMolar/Plugins/JMO Assets/Cartoon FX/CFX3 Prefabs (Mobile)/Electric/Color Variants","Assets/LeonardoMolar/Plugins/JMO Assets/Cartoon FX/CFX3 Prefabs (Mobile)/Environment","Assets/LeonardoMolar/Plugins/JMO Assets/Cartoon FX/CFX3 Prefabs (Mobile)/Environment/Variants","Assets/LeonardoMolar/Plugins/JMO Assets/Cartoon FX/CFX3 Prefabs (Mobile)/Fire","Assets/LeonardoMolar/Plugins/JMO Assets/Cartoon FX/CFX3 Prefabs (Mobile)/Fire/Color Variants","Assets/LeonardoMolar/Plugins/JMO Assets/Cartoon FX/CFX3 Prefabs (Mobile)/Ice","Assets/LeonardoMolar/Plugins/JMO Assets/Cartoon FX/CFX3 Prefabs (Mobile)/Ice/Color Variants","Assets/LeonardoMolar/Plugins/JMO Assets/Cartoon FX/CFX3 Prefabs (Mobile)/Light","Assets/LeonardoMolar/Plugins/JMO Assets/Cartoon FX/CFX3 Prefabs (Mobile)/Light/Color Variants","Assets/LeonardoMolar/Plugins/JMO Assets/Cartoon FX/CFX3 Prefabs (Mobile)/Light/Variants","Assets/LeonardoMolar/Plugins/JMO Assets/Cartoon FX/CFX3 Prefabs (Mobile)/Magic Dark","Assets/LeonardoMolar/Plugins/JMO Assets/Cartoon FX/CFX3 Prefabs (Mobile)/Magic Dark/Color Variants","Assets/LeonardoMolar/Plugins/JMO Assets/Cartoon FX/CFX3 Prefabs (Mobile)/Magic Misc","Assets/LeonardoMolar/Plugins/JMO Assets/Cartoon FX/CFX3 Prefabs (Mobile)/Magic Misc/Color Variants","Assets/LeonardoMolar/Plugins/JMO Assets/Cartoon FX/CFX3 Prefabs (Mobile)/Misc","Assets/LeonardoMolar/Plugins/JMO Assets/Cartoon FX/CFX3 Prefabs (Mobile)/Misc/Color Variants","Assets/LeonardoMolar/Plugins/JMO Assets/Cartoon FX/CFX3 Prefabs (Mobile)/Nature","Assets/LeonardoMolar/Plugins/JMO Assets/Cartoon FX/CFX3 Prefabs (Mobile)/Nature/Color Variants","Assets/LeonardoMolar/Plugins/JMO Assets/Cartoon FX/Materials","Assets/LeonardoMolar/Plugins/JMO Assets/Cartoon FX/Materials/Animated","Assets/LeonardoMolar/Plugins/JMO Assets/Cartoon FX/Materials/Blood","Assets/LeonardoMolar/Plugins/JMO Assets/Cartoon FX/Materials/Decals","Assets/LeonardoMolar/Plugins/JMO Assets/Cartoon FX/Materials/Electric","Assets/LeonardoMolar/Plugins/JMO Assets/Cartoon FX/Materials/Misc","Assets/LeonardoMolar/Plugins/JMO Assets/Cartoon FX/Materials/Stretched","Assets/LeonardoMolar/Plugins/JMO Assets/Cartoon FX/Materials/Symbols","Assets/LeonardoMolar/Plugins/JMO Assets/Cartoon FX/Materials (Mobile)","Assets/LeonardoMolar/Plugins/JMO Assets/Cartoon FX/Materials (Mobile)/Animated","Assets/LeonardoMolar/Plugins/JMO Assets/Cartoon FX/Materials (Mobile)/Blood","Assets/LeonardoMolar/Plugins/JMO Assets/Cartoon FX/Materials (Mobile)/Decals","Assets/LeonardoMolar/Plugins/JMO Assets/Cartoon FX/Materials (Mobile)/Electric","Assets/LeonardoMolar/Plugins/JMO Assets/Cartoon FX/Materials (Mobile)/Misc","Assets/LeonardoMolar/Plugins/JMO Assets/Cartoon FX/Materials (Mobile)/Stretched","Assets/LeonardoMolar/Plugins/JMO Assets/Cartoon FX/Materials (Mobile)/Symbols","Assets/LeonardoMolar/Plugins/JMO Assets/Cartoon FX/Materials (Mobile)/Water","Assets/LeonardoMolar/Plugins/JMO Assets/Cartoon FX/Textures","Assets/LeonardoMolar/Plugins/JMO Assets/Cartoon FX/Textures (Mobile)","Assets/LeonardoMolar/Plugins/JMO Assets/Cartoon FX (legacy)","Assets/LeonardoMolar/Plugins/JMO Assets/Cartoon FX (legacy)/CFX Prefabs","Assets/LeonardoMolar/Plugins/JMO Assets/Cartoon FX (legacy)/CFX Prefabs/Electric","Assets/LeonardoMolar/Plugins/JMO Assets/Cartoon FX (legacy)/CFX Prefabs/Explosions","Assets/LeonardoMolar/Plugins/JMO Assets/Cartoon FX (legacy)/CFX Prefabs/Explosions/Firework Variants","Assets/LeonardoMolar/Plugins/JMO Assets/Cartoon FX (legacy)/CFX Prefabs/Fire","Assets/LeonardoMolar/Plugins/JMO Assets/Cartoon FX (legacy)/CFX Prefabs/Fire/Color Variants","Assets/LeonardoMolar/Plugins/JMO Assets/Cartoon FX (legacy)/CFX Prefabs/Fire/Flames Looped","Assets/LeonardoMolar/Plugins/JMO Assets/Cartoon FX (legacy)/CFX Prefabs/Fire/Flames Looped/Color Variants","Assets/LeonardoMolar/Plugins/JMO Assets/Cartoon FX (legacy)/CFX Prefabs/Hits","Assets/LeonardoMolar/Plugins/JMO Assets/Cartoon FX (legacy)/CFX Prefabs/Hits/Color Variants","Assets/LeonardoMolar/Plugins/JMO Assets/Cartoon FX (legacy)/CFX Prefabs/Misc","Assets/LeonardoMolar/Plugins/JMO Assets/Cartoon FX (legacy)/CFX Prefabs/Misc/Tornado Variants","Assets/LeonardoMolar/Plugins/JMO Assets/Cartoon FX (legacy)/CFX Prefabs/Smoke","Assets/LeonardoMolar/Plugins/JMO Assets/Cartoon FX (legacy)/CFX Prefabs/Smoke/Color Variants","Assets/LeonardoMolar/Plugins/JMO Assets/Cartoon FX (legacy)/CFX Prefabs/Texts (drag-drop to prefabs)","Assets/LeonardoMolar/Plugins/JMO Assets/Cartoon FX (legacy)/CFX Prefabs/Water","Assets/LeonardoMolar/Plugins/JMO Assets/Cartoon FX (legacy)/CFX Prefabs (Mobile)","Assets/LeonardoMolar/Plugins/JMO Assets/Cartoon FX (legacy)/CFX Prefabs (Mobile)/Electric","Assets/LeonardoMolar/Plugins/JMO Assets/Cartoon FX (legacy)/CFX Prefabs (Mobile)/Explosions","Assets/LeonardoMolar/Plugins/JMO Assets/Cartoon FX (legacy)/CFX Prefabs (Mobile)/Explosions/Firework Variants","Assets/LeonardoMolar/Plugins/JMO Assets/Cartoon FX (legacy)/CFX Prefabs (Mobile)/Fire","Assets/LeonardoMolar/Plugins/JMO Assets/Cartoon FX (legacy)/CFX Prefabs (Mobile)/Fire/Color Variants","Assets/LeonardoMolar/Plugins/JMO Assets/Cartoon FX (legacy)/CFX Prefabs (Mobile)/Fire/Flames Looped","Assets/LeonardoMolar/Plugins/JMO Assets/Cartoon FX (legacy)/CFX Prefabs (Mobile)/Fire/Flames Looped/Color Variants","Assets/LeonardoMolar/Plugins/JMO Assets/Cartoon FX (legacy)/CFX Prefabs (Mobile)/Hits","Assets/LeonardoMolar/Plugins/JMO Assets/Cartoon FX (legacy)/CFX Prefabs (Mobile)/Hits/Color Variants","Assets/LeonardoMolar/Plugins/JMO Assets/Cartoon FX (legacy)/CFX Prefabs (Mobile)/Misc","Assets/LeonardoMolar/Plugins/JMO Assets/Cartoon FX (legacy)/CFX Prefabs (Mobile)/Misc/Tornado Variants","Assets/LeonardoMolar/Plugins/JMO Assets/Cartoon FX (legacy)/CFX Prefabs (Mobile)/Smoke","Assets/LeonardoMolar/Plugins/JMO Assets/Cartoon FX (legacy)/CFX Prefabs (Mobile)/Smoke/Color Variants","Assets/LeonardoMolar/Plugins/JMO Assets/Cartoon FX (legacy)/CFX Prefabs (Mobile)/Texts (drag-drop to prefabs)","Assets/LeonardoMolar/Plugins/JMO Assets/Cartoon FX (legacy)/CFX Prefabs (Mobile)/Water","Assets/LeonardoMolar/Plugins/JMO Assets/Cartoon FX (legacy)/Demo","Assets/LeonardoMolar/Plugins/JMO Assets/Cartoon FX (legacy)/Demo/Assets","Assets/LeonardoMolar/Plugins/JMO Assets/Cartoon FX (legacy)/Demo/UI Canvas","Assets/LeonardoMolar/Plugins/JMO Assets/Cartoon FX (legacy)/Editor","Assets/LeonardoMolar/Plugins/JMO Assets/Cartoon FX (legacy)/Materials","Assets/LeonardoMolar/Plugins/JMO Assets/Cartoon FX (legacy)/Materials/Animated","Assets/LeonardoMolar/Plugins/JMO Assets/Cartoon FX (legacy)/Materials/Decals","Assets/LeonardoMolar/Plugins/JMO Assets/Cartoon FX (legacy)/Materials/Electric","Assets/LeonardoMolar/Plugins/JMO Assets/Cartoon FX (legacy)/Materials/Fire","Assets/LeonardoMolar/Plugins/JMO Assets/Cartoon FX (legacy)/Materials/Light","Assets/LeonardoMolar/Plugins/JMO Assets/Cartoon FX (legacy)/Materials/Misc","Assets/LeonardoMolar/Plugins/JMO Assets/Cartoon FX (legacy)/Materials/Stretched","Assets/LeonardoMolar/Plugins/JMO Assets/Cartoon FX (legacy)/Materials/Texts","Assets/LeonardoMolar/Plugins/JMO Assets/Cartoon FX (legacy)/Materials/Water","Assets/LeonardoMolar/Plugins/JMO Assets/Cartoon FX (legacy)/Materials (Mobile)","Assets/LeonardoMolar/Plugins/JMO Assets/Cartoon FX (legacy)/Materials (Mobile)/Animated","Assets/LeonardoMolar/Plugins/JMO Assets/Cartoon FX (legacy)/Materials (Mobile)/Decals","Assets/LeonardoMolar/Plugins/JMO Assets/Cartoon FX (legacy)/Materials (Mobile)/Electric","Assets/LeonardoMolar/Plugins/JMO Assets/Cartoon FX (legacy)/Materials (Mobile)/Fire","Assets/LeonardoMolar/Plugins/JMO Assets/Cartoon FX (legacy)/Materials (Mobile)/Light","Assets/LeonardoMolar/Plugins/JMO Assets/Cartoon FX (legacy)/Materials (Mobile)/Misc","Assets/LeonardoMolar/Plugins/JMO Assets/Cartoon FX (legacy)/Materials (Mobile)/Stretched","Assets/LeonardoMolar/Plugins/JMO Assets/Cartoon FX (legacy)/Materials (Mobile)/Texts","Assets/LeonardoMolar/Plugins/JMO Assets/Cartoon FX (legacy)/Materials (Mobile)/Water","Assets/LeonardoMolar/Plugins/JMO Assets/Cartoon FX (legacy)/Mesh","Assets/LeonardoMolar/Plugins/JMO Assets/Cartoon FX (legacy)/Scripts","Assets/LeonardoMolar/Plugins/JMO Assets/Cartoon FX (legacy)/Shaders","Assets/LeonardoMolar/Plugins/JMO Assets/Cartoon FX (legacy)/Spawn System","Assets/LeonardoMolar/Plugins/JMO Assets/Cartoon FX (legacy)/Textures","Assets/LeonardoMolar/Plugins/JMO Assets/Cartoon FX (legacy)/Textures (Mobile)","Assets/LeonardoMolar/Plugins/JMO Assets/Cartoon FX Easy Editor","Assets/LeonardoMolar/Plugins/JMO Assets/Cartoon FX Easy Editor/Editor","Assets/LeonardoMolar/Plugins/JMO Assets/Cartoon FX Remaster","Assets/LeonardoMolar/Plugins/JMO Assets/Cartoon FX Remaster/CFXR Assets","Assets/LeonardoMolar/Plugins/JMO Assets/Cartoon FX Remaster/CFXR Assets/Editor","Assets/LeonardoMolar/Plugins/JMO Assets/Cartoon FX Remaster/CFXR Assets/Graphics","Assets/LeonardoMolar/Plugins/JMO Assets/Cartoon FX Remaster/CFXR Assets/Meshes","Assets/LeonardoMolar/Plugins/JMO Assets/Cartoon FX Remaster/CFXR Assets/Misc","Assets/LeonardoMolar/Plugins/JMO Assets/Cartoon FX Remaster/CFXR Assets/Scripts","Assets/LeonardoMolar/Plugins/JMO Assets/Cartoon FX Remaster/CFXR Assets/Shaders","Assets/LeonardoMolar/Plugins/JMO Assets/Cartoon FX Remaster/CFXR Prefabs","Assets/LeonardoMolar/Plugins/JMO Assets/Cartoon FX Remaster/CFXR Prefabs/Electric","Assets/LeonardoMolar/Plugins/JMO Assets/Cartoon FX Remaster/CFXR Prefabs/Electric/Variants","Assets/LeonardoMolar/Plugins/JMO Assets/Cartoon FX Remaster/CFXR Prefabs/Explosions","Assets/LeonardoMolar/Plugins/JMO Assets/Cartoon FX Remaster/CFXR Prefabs/Explosions/Variants","Assets/LeonardoMolar/Plugins/JMO Assets/Cartoon FX Remaster/CFXR Prefabs/Fire","Assets/LeonardoMolar/Plugins/JMO Assets/Cartoon FX Remaster/CFXR Prefabs/Fire/Variants","Assets/LeonardoMolar/Plugins/JMO Assets/Cartoon FX Remaster/CFXR Prefabs/Impacts","Assets/LeonardoMolar/Plugins/JMO Assets/Cartoon FX Remaster/CFXR Prefabs/Impacts/Variants","Assets/LeonardoMolar/Plugins/JMO Assets/Cartoon FX Remaster/CFXR Prefabs/Liquids","Assets/LeonardoMolar/Plugins/JMO Assets/Cartoon FX Remaster/CFXR Prefabs/Liquids/Variants","Assets/LeonardoMolar/Plugins/JMO Assets/Cartoon FX Remaster/CFXR Prefabs/Misc","Assets/LeonardoMolar/Plugins/JMO Assets/Cartoon FX Remaster/CFXR Prefabs/Misc/Variants","Assets/LeonardoMolar/Plugins/JMO Assets/Cartoon FX Remaster/CFXR Prefabs/Texts","Assets/LeonardoMolar/Plugins/JMO Assets/Cartoon FX Remaster/Demo Assets","Assets/LeonardoMolar/Plugins/JMO Assets/Cartoon FX Remaster/Demo Assets/Kino Bloom","Assets/LeonardoMolar/Plugins/JMO Assets/Cartoon FX Remaster/Demo Assets/Kino Bloom/Editor","Assets/LeonardoMolar/Plugins/JMO Assets/Cartoon FX Remaster/Demo Assets/Kino Bloom/Shader","Assets/LeonardoMolar/Plugins/JMO Assets/Cartoon FX Remaster/Demo Assets/UI","Assets/LeonardoMolar/Plugins/Lean","Assets/LeonardoMolar/Plugins/Lean/Common","Assets/LeonardoMolar/Plugins/Lean/Common/Documentation","Assets/LeonardoMolar/Plugins/Lean/Common/Examples","Assets/LeonardoMolar/Plugins/Lean/Common/Examples/Fonts","Assets/LeonardoMolar/Plugins/Lean/Common/Examples/Materials","Assets/LeonardoMolar/Plugins/Lean/Common/Examples/Meshes","Assets/LeonardoMolar/Plugins/Lean/Common/Examples/Prefabs","Assets/LeonardoMolar/Plugins/Lean/Common/Examples/Scripts","Assets/LeonardoMolar/Plugins/Lean/Common/Examples/Shaders","Assets/LeonardoMolar/Plugins/Lean/Common/Examples/Textures","Assets/LeonardoMolar/Plugins/Lean/Common/Scripts","Assets/LeonardoMolar/Plugins/Lean/Touch","Assets/LeonardoMolar/Plugins/Lean/Touch/Documentation","Assets/LeonardoMolar/Plugins/Lean/Touch/Examples","Assets/LeonardoMolar/Plugins/Lean/Touch/Examples/Media","Assets/LeonardoMolar/Plugins/Lean/Touch/Examples/Scripts","Assets/LeonardoMolar/Plugins/Lean/Touch/Extras","Assets/LeonardoMolar/Plugins/Lean/Touch/Scripts","Assets/LeonardoMolar/Plugins/PolygonConstruction","Assets/LeonardoMolar/Plugins/PolygonConstruction/Materials","Assets/LeonardoMolar/Plugins/PolygonConstruction/Materials/Alts","Assets/LeonardoMolar/Plugins/PolygonConstruction/Materials/Misc","Assets/LeonardoMolar/Plugins/PolygonConstruction/Models","Assets/LeonardoMolar/Plugins/PolygonConstruction/Models/Collision","Assets/LeonardoMolar/Plugins/PolygonConstruction/Prefabs","Assets/LeonardoMolar/Plugins/PolygonConstruction/Prefabs/Buildings","Assets/LeonardoMolar/Plugins/PolygonConstruction/Prefabs/Characters","Assets/LeonardoMolar/Plugins/PolygonConstruction/Prefabs/Characters/Attachments","Assets/LeonardoMolar/Plugins/PolygonConstruction/Prefabs/Environments","Assets/LeonardoMolar/Plugins/PolygonConstruction/Prefabs/Generic","Assets/LeonardoMolar/Plugins/PolygonConstruction/Prefabs/Items","Assets/LeonardoMolar/Plugins/PolygonConstruction/Prefabs/Props","Assets/LeonardoMolar/Plugins/PolygonConstruction/Prefabs/Tools","Assets/LeonardoMolar/Plugins/PolygonConstruction/Prefabs/Vehicles","Assets/LeonardoMolar/Plugins/PolygonConstruction/Scenes","Assets/LeonardoMolar/Plugins/PolygonConstruction/Textures","Assets/LeonardoMolar/Plugins/PolygonConstruction/Textures/Misc","Assets/LeonardoMolar/Plugins/PolygonTown","Assets/LeonardoMolar/Plugins/PolygonTown/Materials","Assets/LeonardoMolar/Plugins/PolygonTown/Materials/Alternates","Assets/LeonardoMolar/Plugins/PolygonTown/Materials/Misc","Assets/LeonardoMolar/Plugins/PolygonTown/Models","Assets/LeonardoMolar/Plugins/PolygonTown/Models/Buildings","Assets/LeonardoMolar/Plugins/PolygonTown/Models/Characters","Assets/LeonardoMolar/Plugins/PolygonTown/Models/Environment","Assets/LeonardoMolar/Plugins/PolygonTown/Models/Environment/SM_Env_Fence_Wood_Gate_01.fbm","Assets/LeonardoMolar/Plugins/PolygonTown/Models/Generic","Assets/LeonardoMolar/Plugins/PolygonTown/Models/Items","Assets/LeonardoMolar/Plugins/PolygonTown/Models/Props","Assets/LeonardoMolar/Plugins/PolygonTown/Models/Vehicles","Assets/LeonardoMolar/Plugins/PolygonTown/Prefabs","Assets/LeonardoMolar/Plugins/PolygonTown/Prefabs/Buildings","Assets/LeonardoMolar/Plugins/PolygonTown/Prefabs/Buildings/Presets","Assets/LeonardoMolar/Plugins/PolygonTown/Prefabs/Characters","Assets/LeonardoMolar/Plugins/PolygonTown/Prefabs/Environment","Assets/LeonardoMolar/Plugins/PolygonTown/Prefabs/Generic","Assets/LeonardoMolar/Plugins/PolygonTown/Prefabs/Items","Assets/LeonardoMolar/Plugins/PolygonTown/Prefabs/Props","Assets/LeonardoMolar/Plugins/PolygonTown/Prefabs/Vehicles","Assets/LeonardoMolar/Plugins/PolygonTown/Scenes","Assets/LeonardoMolar/Plugins/PolygonTown/Textures","Assets/LeonardoMolar/Plugins/PolygonTown/Textures/Alternates","Assets/LeonardoMolar/Plugins/PolygonTown/Textures/Misc","Assets/LeonardoMolar/Plugins/Tayx","Assets/LeonardoMolar/Plugins/Tayx/Graphy - Ultimate Stats Monitor","Assets/LeonardoMolar/Plugins/Tayx/Graphy - Ultimate Stats Monitor/Font","Assets/LeonardoMolar/Plugins/Tayx/Graphy - Ultimate Stats Monitor/Font/Northwest-Bold","Assets/LeonardoMolar/Plugins/Tayx/Graphy - Ultimate Stats Monitor/Font/Roboto","Assets/LeonardoMolar/Plugins/Tayx/Graphy - Ultimate Stats Monitor/GUI","Assets/LeonardoMolar/Plugins/Tayx/Graphy - Ultimate Stats Monitor/Materials","Assets/LeonardoMolar/Plugins/Tayx/Graphy - Ultimate Stats Monitor/Prefab","Assets/LeonardoMolar/Plugins/Tayx/Graphy - Ultimate Stats Monitor/Scene","Assets/LeonardoMolar/Plugins/Tayx/Graphy - Ultimate Stats Monitor/Scene/Audio","Assets/LeonardoMolar/Plugins/Tayx/Graphy - Ultimate Stats Monitor/Scene/Audio/SFX","Assets/LeonardoMolar/Plugins/Tayx/Graphy - Ultimate Stats Monitor/Scene/Color Picker","Assets/LeonardoMolar/Plugins/Tayx/Graphy - Ultimate Stats Monitor/Scene/Customization Scripts","Assets/LeonardoMolar/Plugins/Tayx/Graphy - Ultimate Stats Monitor/Scene/Prefab","Assets/LeonardoMolar/Plugins/Tayx/Graphy - Ultimate Stats Monitor/Scripts","Assets/LeonardoMolar/Plugins/Tayx/Graphy - Ultimate Stats Monitor/Scripts/Advanced","Assets/LeonardoMolar/Plugins/Tayx/Graphy - Ultimate Stats Monitor/Scripts/Audio","Assets/LeonardoMolar/Plugins/Tayx/Graphy - Ultimate Stats Monitor/Scripts/Editor","Assets/LeonardoMolar/Plugins/Tayx/Graphy - Ultimate Stats Monitor/Scripts/Fps","Assets/LeonardoMolar/Plugins/Tayx/Graphy - Ultimate Stats Monitor/Scripts/Graph","Assets/LeonardoMolar/Plugins/Tayx/Graphy - Ultimate Stats Monitor/Scripts/Ram","Assets/LeonardoMolar/Plugins/Tayx/Graphy - Ultimate Stats Monitor/Scripts/Shader","Assets/LeonardoMolar/Plugins/Tayx/Graphy - Ultimate Stats Monitor/Scripts/UI","Assets/LeonardoMolar/Plugins/Tayx/Graphy - Ultimate Stats Monitor/Scripts/Util","Assets/LeonardoMolar/Plugins/Tayx/Graphy - Ultimate Stats Monitor/Shaders","Assets/LeonardoMolar/Plugins/Tayx/Graphy - Ultimate Stats Monitor/Textures","Assets/LeonardoMolar/Plugins/TextMesh Pro","Assets/LeonardoMolar/Plugins/TextMesh Pro/Documentation","Assets/LeonardoMolar/Plugins/TextMesh Pro/Fonts","Assets/LeonardoMolar/Plugins/TextMesh Pro/Resources","Assets/LeonardoMolar/Plugins/TextMesh Pro/Resources/Fonts & Materials","Assets/LeonardoMolar/Plugins/TextMesh Pro/Resources/Shaders","Assets/LeonardoMolar/Plugins/TextMesh Pro/Resources/Sprite Assets","Assets/LeonardoMolar/Plugins/TextMesh Pro/Resources/Style Sheets","Assets/LeonardoMolar/Plugins/TextMesh Pro/Sprites","Assets/LeonardoMolar/Prefabs","Assets/LeonardoMolar/Resources","Assets/LeonardoMolar/Scenes","Assets/LeonardoMolar/Scenes/Document Scenes","Assets/LeonardoMolar/Scenes/Document Scenes/Materials","Assets/LeonardoMolar/Scenes/Focus","Assets/LeonardoMolar/Scenes/Tests","Assets/LeonardoMolar/Scripts","Assets/LeonardoMolar/Scripts/Events","Assets/LeonardoMolar/Scripts/LOL","Assets/LeonardoMolar/Scripts/Modules","Assets/LeonardoMolar/Scripts/Modules/Sink","Assets/LeonardoMolar/Scripts/Modules/Waterproof and Clear","Assets/LeonardoMolar/Scripts/UI","Assets/LeonardoMolar/Scripts/Utilities","Assets/LeonardoMolar/_Dialog","Assets/LeonardoMolar/_Dialog/Backyard","Assets/LeonardoMolar/_Dialog/Basement","Assets/LeonardoMolar/_Dialog/Bathroom","Assets/LeonardoMolar/_Dialog/Frontyard","Assets/LeonardoMolar/_Dialog/Garage","Assets/LeonardoMolar/_Dialog/Intro","Assets/LeonardoMolar/_Dialog/Kitchen","Assets/LeonardoMolar/_Dialog/Map Tutorials","Assets/Scripts","Assets/Scripts/Editor","Assets/Scripts/Generated","Assets/Scripts/Generated/ProjectKeys","Assets/Scripts/Generated/State","Assets/StreamingAssets","Assets/StreamingAssets/LeonardoMolar","Assets/WebGLTemplates","Assets/WebGLTemplates/lol-template","Library/PackageCache/com.unity.cinemachine@2.3.4","Library/PackageCache/com.unity.collab-proxy@1.2.16","Library/PackageCache/com.unity.ext.nunit@1.0.0","Library/PackageCache/com.unity.ide.rider@1.1.4","Library/PackageCache/com.unity.ide.vscode@1.2.1","Library/PackageCache/com.unity.postprocessing@2.3.0","Library/PackageCache/com.unity.recorder@2.2.0-preview.4","Library/PackageCache/com.unity.test-framework@1.1.16","Library/PackageCache/com.unity.textmeshpro@2.0.1","Library/PackageCache/com.unity.timeline@1.2.14"]}