{"companyName":"LeonardoMolar","productName":"L02_ReceiveStoreRotate","version":"0.1","unityVersion":"2019.2.21f1","sdkVersion":4,"webglSettings":{"memorySize":"16","exceptionSupport":"ExplicitlyThrownExceptionsOnly","dataCaching":"True","emscriptenArgs":"","modulesDirectory":"","template":"PROJECT:lol-template","analyzeBuildSize":"False","useEmbeddedResources":"False","threadsSupport":"False","linkerTarget":"Wasm","compressionFormat":"Gzip","nameFilesAsHashes":"False","debugSymbols":"False","wasmStreaming":"False"},"dir":["Assets\\Editor","Assets\\L02BB_Leo_Receiving","Assets\\L02BB_Leo_Receiving\\Art","Assets\\L02BB_Leo_Receiving\\Art\\Animations","Assets\\L02BB_Leo_Receiving\\Art\\Animations\\FIFO","Assets\\L02BB_Leo_Receiving\\Art\\Animations\\FIFO\\Tupperware","Assets\\L02BB_Leo_Receiving\\Art\\Animations\\Intro","Assets\\L02BB_Leo_Receiving\\Art\\Box","Assets\\L02BB_Leo_Receiving\\Art\\Cabbage Colored","Assets\\L02BB_Leo_Receiving\\Art\\Checking","Assets\\L02BB_Leo_Receiving\\Art\\Checking\\Accepting","Assets\\L02BB_Leo_Receiving\\Art\\Checking\\Game","Assets\\L02BB_Leo_Receiving\\Art\\Checking\\Quantity","Assets\\L02BB_Leo_Receiving\\Art\\Checking\\Sign","Assets\\L02BB_Leo_Receiving\\Art\\Common","Assets\\L02BB_Leo_Receiving\\Art\\Delivery Area","Assets\\L02BB_Leo_Receiving\\Art\\Delivery Area\\Delivery Dude","Assets\\L02BB_Leo_Receiving\\Art\\Effects","Assets\\L02BB_Leo_Receiving\\Art\\Effects\\Shaders","Assets\\L02BB_Leo_Receiving\\Art\\FIFO","Assets\\L02BB_Leo_Receiving\\Art\\Fonts","Assets\\L02BB_Leo_Receiving\\Art\\Fonts\\Gotham","Assets\\L02BB_Leo_Receiving\\Art\\Food","Assets\\L02BB_Leo_Receiving\\Art\\People","Assets\\L02BB_Leo_Receiving\\Art\\People\\HeadChef","Assets\\L02BB_Leo_Receiving\\Art\\Receiver","Assets\\L02BB_Leo_Receiving\\Art\\Receiving Area","Assets\\L02BB_Leo_Receiving\\Art\\Store","Assets\\L02BB_Leo_Receiving\\Art\\Store\\storage-game","Assets\\L02BB_Leo_Receiving\\Art\\Temps","Assets\\L02BB_Leo_Receiving\\Art\\Temps\\calibration","Assets\\L02BB_Leo_Receiving\\Art\\UI","Assets\\L02BB_Leo_Receiving\\Art\\UI\\Card","Assets\\L02BB_Leo_Receiving\\Audio","Assets\\L02BB_Leo_Receiving\\Plugins","Assets\\L02BB_Leo_Receiving\\Plugins\\2DxFX","Assets\\L02BB_Leo_Receiving\\Plugins\\2DxFX\\Editor","Assets\\L02BB_Leo_Receiving\\Plugins\\2DxFX\\Editor\\Resources","Assets\\L02BB_Leo_Receiving\\Plugins\\CharTween","Assets\\L02BB_Leo_Receiving\\Plugins\\CharTween\\Scripts","Assets\\L02BB_Leo_Receiving\\Plugins\\Demigiant","Assets\\L02BB_Leo_Receiving\\Plugins\\Demigiant\\DemiLib","Assets\\L02BB_Leo_Receiving\\Plugins\\Demigiant\\DemiLib\\Core","Assets\\L02BB_Leo_Receiving\\Plugins\\Demigiant\\DemiLib\\Core\\Editor","Assets\\L02BB_Leo_Receiving\\Plugins\\Demigiant\\DemiLib\\Core\\Editor\\Imgs","Assets\\L02BB_Leo_Receiving\\Plugins\\Demigiant\\DemiLib\\Core\\Editor\\Imgs\\project","Assets\\L02BB_Leo_Receiving\\Plugins\\Demigiant\\DOTween","Assets\\L02BB_Leo_Receiving\\Plugins\\Demigiant\\DOTween\\Editor","Assets\\L02BB_Leo_Receiving\\Plugins\\Demigiant\\DOTween\\Editor\\Imgs","Assets\\L02BB_Leo_Receiving\\Plugins\\Demigiant\\DOTween\\Modules","Assets\\L02BB_Leo_Receiving\\Plugins\\Demigiant\\DOTweenPro","Assets\\L02BB_Leo_Receiving\\Plugins\\Demigiant\\DOTweenPro\\Editor","Assets\\L02BB_Leo_Receiving\\Plugins\\EasyTouchBundle","Assets\\L02BB_Leo_Receiving\\Plugins\\EasyTouchBundle\\EasyTouch","Assets\\L02BB_Leo_Receiving\\Plugins\\EasyTouchBundle\\EasyTouch\\Plugins","Assets\\L02BB_Leo_Receiving\\Plugins\\EasyTouchBundle\\EasyTouch\\Plugins\\Components","Assets\\L02BB_Leo_Receiving\\Plugins\\EasyTouchBundle\\EasyTouch\\Plugins\\Editor","Assets\\L02BB_Leo_Receiving\\Plugins\\EasyTouchBundle\\EasyTouch\\Plugins\\Editor\\Resources","Assets\\L02BB_Leo_Receiving\\Plugins\\EasyTouchBundle\\EasyTouch\\Plugins\\Engine","Assets\\L02BB_Leo_Receiving\\Plugins\\EasyTouchBundle\\EasyTouch\\Plugins\\Gizmos","Assets\\L02BB_Leo_Receiving\\Plugins\\EasyTouchBundle\\EasyTouch\\Plugins\\Resources","Assets\\L02BB_Leo_Receiving\\Plugins\\EasyTouchBundle\\Install","Assets\\L02BB_Leo_Receiving\\Plugins\\LOL","Assets\\L02BB_Leo_Receiving\\Plugins\\RelationsInspector","Assets\\L02BB_Leo_Receiving\\Plugins\\Sirenix","Assets\\L02BB_Leo_Receiving\\Plugins\\Sirenix\\Assemblies","Assets\\L02BB_Leo_Receiving\\Plugins\\Sirenix\\Assemblies\\NoEditor","Assets\\L02BB_Leo_Receiving\\Plugins\\Sirenix\\Assemblies\\NoEmitAndNoEditor","Assets\\L02BB_Leo_Receiving\\Plugins\\Sirenix\\Odin Inspector","Assets\\L02BB_Leo_Receiving\\Plugins\\Sirenix\\Odin Inspector\\Assets","Assets\\L02BB_Leo_Receiving\\Plugins\\Sirenix\\Odin Inspector\\Assets\\Editor","Assets\\L02BB_Leo_Receiving\\Plugins\\Sirenix\\Odin Inspector\\Config","Assets\\L02BB_Leo_Receiving\\Plugins\\Sirenix\\Odin Inspector\\Config\\Editor","Assets\\L02BB_Leo_Receiving\\Plugins\\Sirenix\\Odin Inspector\\Config\\Resources","Assets\\L02BB_Leo_Receiving\\Plugins\\Sirenix\\Odin Inspector\\Config\\Resources\\Sirenix","Assets\\L02BB_Leo_Receiving\\Plugins\\Sirenix\\Odin Inspector\\Scripts","Assets\\L02BB_Leo_Receiving\\Plugins\\Sirenix\\Odin Inspector\\Scripts\\Editor","Assets\\L02BB_Leo_Receiving\\Plugins\\TextMesh Pro","Assets\\L02BB_Leo_Receiving\\Plugins\\TextMesh Pro\\Documentation","Assets\\L02BB_Leo_Receiving\\Plugins\\TextMesh Pro\\Fonts","Assets\\L02BB_Leo_Receiving\\Plugins\\TextMesh Pro\\Resources","Assets\\L02BB_Leo_Receiving\\Plugins\\TextMesh Pro\\Resources\\Fonts & Materials","Assets\\L02BB_Leo_Receiving\\Plugins\\TextMesh Pro\\Resources\\Shaders","Assets\\L02BB_Leo_Receiving\\Plugins\\TextMesh Pro\\Resources\\Sprite Assets","Assets\\L02BB_Leo_Receiving\\Plugins\\TextMesh Pro\\Resources\\Style Sheets","Assets\\L02BB_Leo_Receiving\\Plugins\\TextMesh Pro\\Sprites","Assets\\L02BB_Leo_Receiving\\Prefabs","Assets\\L02BB_Leo_Receiving\\Prefabs\\Checking Food","Assets\\L02BB_Leo_Receiving\\Prefabs\\Receiving","Assets\\L02BB_Leo_Receiving\\Prefabs\\Store","Assets\\L02BB_Leo_Receiving\\Prefabs\\Store\\Characters","Assets\\L02BB_Leo_Receiving\\Resources","Assets\\L02BB_Leo_Receiving\\Scenes","Assets\\L02BB_Leo_Receiving\\Scripts","Assets\\L02BB_Leo_Receiving\\Scripts\\Characters","Assets\\L02BB_Leo_Receiving\\Scripts\\Checking","Assets\\L02BB_Leo_Receiving\\Scripts\\Common","Assets\\L02BB_Leo_Receiving\\Scripts\\FIFO","Assets\\L02BB_Leo_Receiving\\Scripts\\Kitchen","Assets\\L02BB_Leo_Receiving\\Scripts\\LOL","Assets\\L02BB_Leo_Receiving\\Scripts\\LOL\\Leo","Assets\\L02BB_Leo_Receiving\\Scripts\\Modules","Assets\\L02BB_Leo_Receiving\\Scripts\\Receiving","Assets\\L02BB_Leo_Receiving\\Scripts\\Store","Assets\\L02BB_Leo_Receiving\\Scripts\\Temps","Assets\\L02BB_Leo_Receiving\\Scripts\\UI","Assets\\Resources","Assets\\Scripts","Assets\\Scripts\\Data","Assets\\Scripts\\Editor","Assets\\Scripts\\Generated","Assets\\Scripts\\Helper","Assets\\StreamingAssets","Assets\\StreamingAssets\\L02BB_Leo_Receiving","Assets\\Third Party","Assets\\Third Party\\LoLSimpleJSON","Assets\\Third Party\\LoLSimpleJSON\\Plugins","Assets\\WebGLTemplates","Assets\\WebGLTemplates\\lol-template","Library\\PackageCache\\com.unity.collab-proxy@1.2.16","Library\\PackageCache\\com.unity.ext.nunit@1.0.0","Library\\PackageCache\\com.unity.ide.rider@1.1.0","Library\\PackageCache\\com.unity.ide.vscode@1.1.4","Library\\PackageCache\\com.unity.postprocessing@2.1.7","Library\\PackageCache\\com.unity.test-framework@1.0.13","Library\\PackageCache\\com.unity.textmeshpro@2.0.1"]}